specimen_ID,sex,age,side_face,row,column,position_on_face,whisker_presence,extradermal_length_mm,intradermal_length_mm,total_length_mm
SH01,Female,Adult,Left,A,1,A1,Present,54.2,4.1,58.3
SH01,Female,Adult,Right,A,1,A1,Present,49.1,3.4,52.5
SH01,Female,Adult,Left,A,2,A2,Present,19.1,3.6,22.7
SH01,Female,Adult,Right,A,2,A2,Present,37.5,4.1,41.6
SH01,Female,Adult,Left,A,3,A3,Present,6.2,3.1,9.3
SH01,Female,Adult,Right,A,3,A3,Present,25.1,1.9,27
SH01,Female,Adult,Left,B,1,B1,Present,74.3,5.2,79.4
SH01,Female,Adult,Right,B,1,B1,Present,35.2,5.9,41.1
SH01,Female,Adult,Left,B,2,B2,Present,73.9,5,78.9
SH01,Female,Adult,Right,B,2,B2,Present,72.7,4.7,77.4
SH01,Female,Adult,Left,B,3,B3,Present,59.1,3,62.1
SH01,Female,Adult,Right,B,3,B3,Present,46.1,4.6,50.7
SH01,Female,Adult,Left,B,4,B4,Present,24.5,2.2,26.7
SH01,Female,Adult,Right,B,4,B4,Present,16.4,2.9,19.3
SH01,Female,Adult,Left,B,5,B5,Present,11.3,1.4,12.7
SH01,Female,Adult,Right,B,5,B5,Present,5.9,1.6,7.5
SH01,Female,Adult,Left,C,1,C1,Present,58.4,6,64.4
SH01,Female,Adult,Right,C,1,C1,Present,40.4,6.3,46.6
SH01,Female,Adult,Left,C,2,C2,Present,75.9,5.3,81.2
SH01,Female,Adult,Right,C,2,C2,Present,101,5.4,106.3
SH01,Female,Adult,Left,C,3,C3,Present,70,4.3,74.3
SH01,Female,Adult,Right,C,3,C3,Present,35.6,5.4,41
SH01,Female,Adult,Left,C,4,C4,Present,20.3,3.2,23.5
SH01,Female,Adult,Right,C,4,C4,Present,15.4,3.7,19
SH01,Female,Adult,Left,C,5,C5,Present,5.2,3,8.2
SH01,Female,Adult,Right,C,5,C5,Present,5.4,2.5,7.9
SH01,Female,Adult,Left,C,6,C6,Present,7.8,1.5,9.3
SH01,Female,Adult,Left,D,1,D1,Present,62.5,6.5,69
SH01,Female,Adult,Right,D,1,D1,Present,98.8,6,104.8
SH01,Female,Adult,Left,D,2,D2,Present,72,6.4,78.4
SH01,Female,Adult,Right,D,2,D2,Present,84.4,5.4,89.8
SH01,Female,Adult,Left,D,3,D3,Present,76.7,5,81.7
SH01,Female,Adult,Right,D,3,D3,Present,88.8,3.6,92.3
SH01,Female,Adult,Left,D,4,D4,Present,33.6,3.4,37
SH01,Female,Adult,Right,D,4,D4,Present,46,3.8,49.8
SH01,Female,Adult,Left,D,5,D5,Present,21.6,2.7,24.3
SH01,Female,Adult,Right,D,5,D5,Present,18.4,3.9,22.3
SH01,Female,Adult,Left,D,6,D6,Present,8,1.1,9.1
SH01,Female,Adult,Right,D,6,D6,Present,17.3,3,20.3
SH01,Female,Adult,Left,D,7,D7,Present,7.2,1.3,8.5
SH01,Female,Adult,Left,E,1,E1,Present,80.7,6.1,86.8
SH01,Female,Adult,Right,E,1,E1,Present,94,6.2,100.1
SH01,Female,Adult,Left,E,2,E2,Present,77.5,5.5,83
SH01,Female,Adult,Right,E,2,E2,Present,85.3,5.9,91.1
SH01,Female,Adult,Left,E,3,E3,Present,78,4.8,82.8
SH01,Female,Adult,Right,E,3,E3,Present,66.7,5.6,72.2
SH01,Female,Adult,Left,E,4,E4,Present,62.5,4,66.5
SH01,Female,Adult,Right,E,4,E4,Present,47.8,4.3,52.1
SH01,Female,Adult,Left,E,5,E5,Present,35.1,2.4,37.5
SH01,Female,Adult,Right,E,6,E6,Present,13.1,3.7,16.8
SH01,Female,Adult,Right,F,1,F1,Present,72.6,6.4,79
SH01,Female,Adult,Left,F,2,F2,Present,82.3,5.5,87.8
SH01,Female,Adult,Right,F,2,F2,Present,64.4,4.8,69.2
SH01,Female,Adult,Left,F,3,F3,Present,77.7,3.5,81.2
SH01,Female,Adult,Right,F,3,F3,Present,38.7,4.7,43.4
SH01,Female,Adult,Left,F,4,F4,Present,48.5,3.8,52.3
SH01,Female,Adult,Right,F,5,F5,Present,25,3.6,28.6
SH01,Female,Adult,Right,F,6,F6,Present,13,3.5,16.4
SH01,Female,Adult,Right,F,7,F7,Present,14,3.3,17.2
SH02,Female,Adult,Left,A,1,A1,Present,85.3,4.1,89.4
SH02,Female,Adult,Right,A,1,A1,Present,40.1,3.1,43.2
SH02,Female,Adult,Left,A,2,A2,Present,56.6,2.5,59.1
SH02,Female,Adult,Right,A,2,A2,Present,31.5,2.1,33.6
SH02,Female,Adult,Left,A,3,A3,Present,28.4,2.8,31.1
SH02,Female,Adult,Right,A,3,A3,Present,26.3,2.8,29.1
SH02,Female,Adult,Left,A,4,A4,Present,14.6,2.3,16.9
SH02,Female,Adult,Left,B,1,B1,Present,99.5,4.6,104.1
SH02,Female,Adult,Right,B,1,B1,Present,100.2,4,104.2
SH02,Female,Adult,Left,B,2,B2,Present,65.1,3.8,68.9
SH02,Female,Adult,Right,B,2,B2,Present,78.6,4.4,83
SH02,Female,Adult,Left,B,3,B3,Present,53.9,2.9,56.7
SH02,Female,Adult,Right,B,3,B3,Present,58.8,3.9,62.6
SH02,Female,Adult,Left,B,4,B4,Present,16.6,3.4,20
SH02,Female,Adult,Right,B,4,B4,Present,6.7,3.5,10.2
SH02,Female,Adult,Right,B,5,B5,Present,7.5,2.6,10
SH02,Female,Adult,Left,C,1,C1,Present,111.1,5.6,116.7
SH02,Female,Adult,Right,C,1,C1,Present,85.6,5.7,91.3
SH02,Female,Adult,Left,C,2,C2,Present,105.1,4.7,109.8
SH02,Female,Adult,Right,C,2,C2,Present,91.6,4.7,96.3
SH02,Female,Adult,Left,C,3,C3,Present,64.9,3.3,68.2
SH02,Female,Adult,Right,C,3,C3,Present,68.2,3.9,72.1
SH02,Female,Adult,Right,C,4,C4,Present,35.2,3.1,38.3
SH02,Female,Adult,Left,C,5,C5,Present,18.2,1.7,19.9
SH02,Female,Adult,Left,D,1,D1,Present,132.2,5.4,137.5
SH02,Female,Adult,Right,D,1,D1,Present,108.8,4.6,113.4
SH02,Female,Adult,Left,D,2,D2,Present,105.7,5,110.7
SH02,Female,Adult,Right,D,2,D2,Present,76.5,5.9,82.4
SH02,Female,Adult,Left,D,3,D3,Present,86.6,4.2,90.8
SH02,Female,Adult,Right,D,3,D3,Present,74.1,4.7,78.8
SH02,Female,Adult,Left,D,4,D4,Present,40.5,3.8,44.3
SH02,Female,Adult,Right,D,4,D4,Present,25.3,4.1,29.4
SH02,Female,Adult,Right,D,5,D5,Present,9,3,12
SH02,Female,Adult,Left,D,6,D6,Present,7.3,3,10.3
SH02,Female,Adult,Right,D,6,D6,Present,17.2,1.7,18.9
SH02,Female,Adult,Left,E,1,E1,Present,109.6,5.4,115
SH02,Female,Adult,Right,E,1,E1,Present,86.3,6,92.3
SH02,Female,Adult,Left,E,2,E2,Present,80.7,5.6,86.3
SH02,Female,Adult,Right,E,2,E2,Present,80.4,6.2,86.6
SH02,Female,Adult,Left,E,3,E3,Present,85.5,6,91.5
SH02,Female,Adult,Right,E,3,E3,Present,71.5,5.5,77
SH02,Female,Adult,Left,E,4,E4,Present,49.7,5.7,55.4
SH02,Female,Adult,Right,E,4,E4,Present,46.6,4.2,50.8
SH02,Female,Adult,Left,E,5,E5,Present,32.7,4,36.6
SH02,Female,Adult,Right,E,5,E5,Present,30.6,3.4,33.9
SH02,Female,Adult,Left,E,6,E6,Present,19.1,2.5,21.6
SH02,Female,Adult,Right,E,6,E6,Present,14.8,2.5,17.3
SH02,Female,Adult,Left,E,7,E7,Present,4.7,3.7,8.3
SH02,Female,Adult,Right,E,7,E7,Present,1.1,0.3,1.4
SH02,Female,Adult,Left,F,1,F1,Present,70.2,4.9,75
SH02,Female,Adult,Right,F,1,F1,Present,34.5,6.3,40.8
SH02,Female,Adult,Left,F,2,F2,Present,74,4.3,78.3
SH02,Female,Adult,Right,F,2,F2,Present,20.8,5,25.8
SH02,Female,Adult,Left,F,3,F3,Present,57.5,4.7,62.2
SH02,Female,Adult,Right,F,3,F3,Present,5.3,4.2,9.5
SH02,Female,Adult,Left,F,4,F4,Present,36.2,4.4,40.6
SH02,Female,Adult,Right,F,4,F4,Present,10.4,3.3,13.7
SH02,Female,Adult,Left,F,5,F5,Present,13.1,3.8,16.9
SH02,Female,Adult,Right,F,5,F5,Present,7.9,1,8.9
SH02,Female,Adult,Left,F,6,F6,Present,17.8,3.8,21.6
SH02,Female,Adult,Right,F,6,F6,Present,3.8,1,4.8
SH03,Male,Yearling,Left,A,1,A1,Present,47.6,3.7,51.3
SH03,Male,Yearling,Right,A,1,A1,Present,57,3.2,60.1
SH03,Male,Yearling,Left,A,2,A2,Present,28.2,4.3,32.5
SH03,Male,Yearling,Right,A,2,A2,Present,28.5,3.5,32
SH03,Male,Yearling,Left,A,3,A3,Present,14.2,2.9,17.1
SH03,Male,Yearling,Right,A,3,A3,Present,8.8,2.7,11.5
SH03,Male,Yearling,Left,B,1,B1,Present,97.7,5.2,102.8
SH03,Male,Yearling,Right,B,1,B1,Present,80.2,4.7,84.9
SH03,Male,Yearling,Left,B,2,B2,Present,70.6,3.7,74.3
SH03,Male,Yearling,Right,B,2,B2,Present,59.8,4.3,64.1
SH03,Male,Yearling,Left,B,3,B3,Present,45.4,1.7,47
SH03,Male,Yearling,Right,B,3,B3,Present,42.3,2.9,45.1
SH03,Male,Yearling,Left,B,4,B4,Present,23.1,2,25
SH03,Male,Yearling,Right,B,4,B4,Present,20,2.3,22.3
SH03,Male,Yearling,Left,B,5,B5,Present,5.7,1.7,7.3
SH03,Male,Yearling,Left,C,1,C1,Present,112.4,4.8,117.2
SH03,Male,Yearling,Right,C,1,C1,Present,84.3,5.8,90.1
SH03,Male,Yearling,Left,C,2,C2,Present,74,4,78
SH03,Male,Yearling,Right,C,2,C2,Present,61.5,4.4,65.9
SH03,Male,Yearling,Left,C,3,C3,Present,50.5,4.3,54.8
SH03,Male,Yearling,Right,C,3,C3,Present,63.2,3.9,67.1
SH03,Male,Yearling,Left,C,4,C4,Present,36.3,2.9,39.2
SH03,Male,Yearling,Right,C,4,C4,Present,28.2,3.5,31.7
SH03,Male,Yearling,Left,C,5,C5,Present,14.8,3.8,18.6
SH03,Male,Yearling,Right,C,5,C5,Present,6.6,3.9,10.4
SH03,Male,Yearling,Left,C,6,C6,Present,8.6,2,10.6
SH03,Male,Yearling,Right,C,6,C6,Present,6,2.7,8.7
SH03,Male,Yearling,Left,D,1,D1,Present,107.7,6.9,114.6
SH03,Male,Yearling,Right,D,1,D1,Present,109.3,6.4,115.7
SH03,Male,Yearling,Left,D,2,D2,Present,100.8,6.5,107.3
SH03,Male,Yearling,Right,D,2,D2,Present,92.5,5.4,97.9
SH03,Male,Yearling,Left,D,3,D3,Present,44.5,6.5,51
SH03,Male,Yearling,Right,D,3,D3,Present,72.2,4.2,76.4
SH03,Male,Yearling,Left,D,4,D4,Present,47.7,4,51.7
SH03,Male,Yearling,Right,D,4,D4,Present,41.4,3.4,44.8
SH03,Male,Yearling,Right,D,5,D5,Present,22.3,2.2,24.4
SH03,Male,Yearling,Left,D,6,D6,Present,8.9,1.5,10.4
SH03,Male,Yearling,Right,D,6,D6,Present,14.6,2.2,16.7
SH03,Male,Yearling,Left,D,7,D7,Present,7.2,0.9,8.1
SH03,Male,Yearling,Right,D,7,D7,Present,4,2.6,6.5
SH03,Male,Yearling,Left,E,1,E1,Present,108.1,5.2,113.3
SH03,Male,Yearling,Right,E,1,E1,Present,104.1,5.5,109.6
SH03,Male,Yearling,Left,E,2,E2,Present,72.9,6.7,79.6
SH03,Male,Yearling,Right,E,2,E2,Present,96.2,4.3,100.5
SH03,Male,Yearling,Left,E,3,E3,Present,71.2,5.8,77
SH03,Male,Yearling,Right,E,3,E3,Present,75.2,4.3,79.5
SH03,Male,Yearling,Left,E,4,E4,Present,46.1,4.4,50.4
SH03,Male,Yearling,Right,E,4,E4,Present,52.6,3.6,56.2
SH03,Male,Yearling,Left,E,5,E5,Present,31.1,3.5,34.6
SH03,Male,Yearling,Right,E,5,E5,Present,33.2,3.3,36.5
SH03,Male,Yearling,Left,E,6,E6,Present,7.8,2.9,10.6
SH03,Male,Yearling,Right,E,6,E6,Present,17.2,3,20.1
SH03,Male,Yearling,Left,E,7,E7,Present,4.5,1.4,5.9
SH03,Male,Yearling,Right,E,7,E7,Present,7.6,3,10.5
SH03,Male,Yearling,Left,F,1,F1,Present,83.8,4.5,88.3
SH03,Male,Yearling,Right,F,1,F1,Present,80.9,5.1,85.9
SH03,Male,Yearling,Right,F,2,F2,Present,66.7,4.9,71.6
SH03,Male,Yearling,Right,F,3,F3,Present,48.9,3.2,52.1
SH03,Male,Yearling,Left,F,4,F4,Present,9,4.3,13.2
SH03,Male,Yearling,Right,F,4,F4,Present,30.3,2.7,33
SH03,Male,Yearling,Left,F,5,F5,Present,15.2,3.6,18.8
SH03,Male,Yearling,Right,F,5,F5,Present,13.2,3.7,16.9
SH03,Male,Yearling,Left,F,6,F6,Present,8.8,2.4,11.2
SH03,Male,Yearling,Right,F,6,F6,Present,15.6,3.4,18.9
SH03,Male,Yearling,Left,F,7,F7,Present,11,2.7,13.7
SH03,Male,Yearling,Right,F,7,F7,Present,7.5,3.2,10.7
SH04,Male,Yearling,Left,A,1,A1,Present,56.4,4.5,60.9
SH04,Male,Yearling,Right,A,1,A1,Present,69,4.4,73.3
SH04,Male,Yearling,Left,A,2,A2,Present,10.8,4.9,15.7
SH04,Male,Yearling,Left,A,3,A3,Present,19,3.4,22.4
SH04,Male,Yearling,Right,A,3,A3,Present,7.1,3.4,10.5
SH04,Male,Yearling,Left,A,4,A4,Present,15.4,2.2,17.6
SH04,Male,Yearling,Right,B,1,B1,Present,85.1,5.9,90.9
SH04,Male,Yearling,Right,B,2,B2,Present,79.3,4.8,84.1
SH04,Male,Yearling,Right,B,3,B3,Present,57.5,4.4,61.9
SH04,Male,Yearling,Right,B,4,B4,Present,22.5,3.5,26
SH04,Male,Yearling,Right,B,5,B5,Present,12.7,2.5,15.2
SH04,Male,Yearling,Right,C,1,C1,Present,84.9,6.3,91.2
SH04,Male,Yearling,Right,C,2,C2,Present,111.8,6,117.8
SH04,Male,Yearling,Right,C,3,C3,Present,62.5,5.3,67.8
SH04,Male,Yearling,Right,C,4,C4,Present,7.9,4.5,12.3
SH04,Male,Yearling,Right,C,5,C5,Present,5.7,2.9,8.6
SH04,Male,Yearling,Right,C,6,C6,Present,6.5,1.2,7.6
SH04,Male,Yearling,Right,D,1,D1,Present,137.2,6.1,143.3
SH04,Male,Yearling,Right,D,2,D2,Present,125.9,5.8,131.7
SH04,Male,Yearling,Right,D,3,D3,Present,108.4,3.7,112.1
SH04,Male,Yearling,Right,D,5,D5,Present,33.7,3.7,37.4
SH04,Male,Yearling,Right,D,6,D6,Present,18.8,1.9,20.7
SH04,Male,Yearling,Right,D,7,D7,Present,8.7,1.5,10.2
SH04,Male,Yearling,Right,E,1,E1,Present,127.3,5.5,132.8
SH04,Male,Yearling,Right,E,2,E2,Present,110.6,6.1,116.7
SH04,Male,Yearling,Right,E,3,E3,Present,88.3,5,93.2
SH04,Male,Yearling,Right,E,4,E4,Present,11.5,4.9,16.4
SH04,Male,Yearling,Right,E,5,E5,Present,15.1,3,18.1
SH04,Male,Yearling,Right,E,6,E6,Present,7.7,3.7,11.4
SH04,Male,Yearling,Right,F,1,F1,Present,36,6.9,42.9
SH04,Male,Yearling,Right,F,3,F3,Present,67.4,4.9,72.3
SH04,Male,Yearling,Right,F,4,F4,Present,36.4,4.4,40.8
SH04,Male,Yearling,Right,F,5,F5,Present,32,2.8,34.8
SH04,Male,Yearling,Right,F,6,F6,Present,15.5,2.6,18.1
SH05,Female,Adult,Left,A,1,A1,Present,50.3,2.4,52.7
SH05,Female,Adult,Right,A,1,A1,Present,75.1,4.6,79.6
SH05,Female,Adult,Left,A,2,A2,Present,16.2,4.3,20.5
SH05,Female,Adult,Right,A,2,A2,Present,49.7,3.6,53.3
SH05,Female,Adult,Left,A,3,A3,Present,19.8,2.1,21.9
SH05,Female,Adult,Right,A,3,A3,Present,26.5,3.9,30.4
SH05,Female,Adult,Right,A,4,A4,Present,16,3.8,19.8
SH05,Female,Adult,Left,B,1,B1,Present,123.8,5.7,129.5
SH05,Female,Adult,Right,B,1,B1,Present,71.1,5.8,76.8
SH05,Female,Adult,Left,B,3,B3,Present,46.1,3.6,49.7
SH05,Female,Adult,Right,B,3,B3,Present,56.6,3.5,60.1
SH05,Female,Adult,Right,B,4,B4,Present,21.7,3,24.7
SH05,Female,Adult,Left,B,5,B5,Present,10.2,1.5,11.7
SH05,Female,Adult,Right,B,5,B5,Present,5.7,2.4,8.1
SH05,Female,Adult,Left,C,1,C1,Present,127.1,6.2,133.2
SH05,Female,Adult,Right,C,1,C1,Present,128.6,5.4,134
SH05,Female,Adult,Left,C,2,C2,Present,119.9,5.2,125.1
SH05,Female,Adult,Right,C,2,C2,Present,117.2,6,123.1
SH05,Female,Adult,Right,C,3,C3,Present,64.9,4.9,69.8
SH05,Female,Adult,Left,C,4,C4,Present,28.2,4.5,32.7
SH05,Female,Adult,Right,C,4,C4,Present,28.6,4.1,32.6
SH05,Female,Adult,Left,C,5,C5,Present,22.9,3.6,26.5
SH05,Female,Adult,Left,C,6,C6,Present,7.5,2.9,10.4
SH05,Female,Adult,Left,D,1,D1,Present,73.8,6.4,80.2
SH05,Female,Adult,Right,D,1,D1,Present,129.5,5.7,135.2
SH05,Female,Adult,Left,D,2,D2,Present,115.2,5.5,120.7
SH05,Female,Adult,Right,D,2,D2,Present,138.3,5.1,143.4
SH05,Female,Adult,Left,D,3,D3,Present,59.8,5.6,65.4
SH05,Female,Adult,Right,D,3,D3,Present,78.6,4.7,83.3
SH05,Female,Adult,Left,D,4,D4,Present,53.2,3.8,57
SH05,Female,Adult,Right,D,4,D4,Present,46.8,3.7,50.5
SH05,Female,Adult,Right,D,5,D5,Present,33.1,3,36
SH05,Female,Adult,Left,D,6,D6,Present,14.9,3.2,18.1
SH05,Female,Adult,Right,D,6,D6,Present,6.3,0.6,6.9
SH05,Female,Adult,Right,D,7,D7,Present,5.7,2.6,8.3
SH05,Female,Adult,Left,E,1,E1,Present,128.7,5.7,134.4
SH05,Female,Adult,Right,E,1,E1,Present,135.6,5.9,141.5
SH05,Female,Adult,Left,E,2,E2,Present,85.9,4.7,90.6
SH05,Female,Adult,Right,E,2,E2,Present,118.3,5.6,123.9
SH05,Female,Adult,Left,E,3,E3,Present,61,4.3,65.2
SH05,Female,Adult,Right,E,3,E3,Present,87.9,5.6,93.5
SH05,Female,Adult,Left,E,4,E4,Present,47.5,4.4,51.9
SH05,Female,Adult,Right,E,4,E4,Present,49.9,4.3,54.2
SH05,Female,Adult,Left,E,5,E5,Present,22.7,4.1,26.8
SH05,Female,Adult,Right,E,5,E5,Present,32.9,2.5,35.4
SH05,Female,Adult,Left,E,6,E6,Present,5.7,3,8.7
SH05,Female,Adult,Right,E,6,E6,Present,16.6,2.8,19.4
SH05,Female,Adult,Left,E,7,E7,Present,11.8,3.2,15
SH05,Female,Adult,Left,F,1,F1,Present,105.8,5.3,111.1
SH05,Female,Adult,Right,F,1,F1,Present,87,5.5,92.5
SH05,Female,Adult,Left,F,2,F2,Present,75,5.6,80.6
SH05,Female,Adult,Right,F,2,F2,Present,87.4,5.4,92.7
SH05,Female,Adult,Left,F,3,F3,Present,40.1,4.9,44.9
SH05,Female,Adult,Right,F,3,F3,Present,21.8,5.1,26.9
SH05,Female,Adult,Left,F,4,F4,Present,33.7,5.7,39.4
SH05,Female,Adult,Right,F,4,F4,Present,29.5,4.5,34
SH05,Female,Adult,Left,F,5,F5,Present,14.8,3,17.8
SH05,Female,Adult,Left,F,6,F6,Present,12,2.9,14.9
SH06,Female,Adult,Left,A,1,A1,Present,44.6,3,47.6
SH06,Female,Adult,Right,A,1,A1,Present,62.4,3,65.4
SH06,Female,Adult,Left,A,2,A2,Present,29.6,3,32.6
SH06,Female,Adult,Right,A,2,A2,Present,47.9,3.2,51
SH06,Female,Adult,Left,A,3,A3,Present,13.1,3,16.1
SH06,Female,Adult,Right,A,3,A3,Present,30.4,2.9,33.3
SH06,Female,Adult,Right,A,4,A4,Present,15.6,2.1,17.7
SH06,Female,Adult,Left,B,1,B1,Present,59,3.8,62.7
SH06,Female,Adult,Right,B,1,B1,Present,97.1,3.9,101
SH06,Female,Adult,Left,B,2,B2,Present,67.7,3,70.7
SH06,Female,Adult,Right,B,2,B2,Present,74.1,3.7,77.8
SH06,Female,Adult,Left,B,3,B3,Present,61.9,2.5,64.4
SH06,Female,Adult,Right,B,3,B3,Present,49.3,3,52.3
SH06,Female,Adult,Left,B,4,B4,Present,4.8,2.9,7.6
SH06,Female,Adult,Right,B,4,B4,Present,4.4,2.9,7.2
SH06,Female,Adult,Left,B,5,B5,Present,5,2.8,7.8
SH06,Female,Adult,Right,C,1,C1,Present,106.8,4.1,110.8
SH06,Female,Adult,Left,C,2,C2,Present,71.6,3.7,75.3
SH06,Female,Adult,Right,C,2,C2,Present,97.9,5,102.9
SH06,Female,Adult,Left,C,3,C3,Present,48.1,3,51
SH06,Female,Adult,Left,C,4,C4,Present,19.3,3,22.3
SH06,Female,Adult,Right,C,4,C4,Present,13.8,4.2,18
SH06,Female,Adult,Left,C,5,C5,Present,19.3,1.8,21
SH06,Female,Adult,Right,C,5,C5,Present,3.6,2.9,6.5
SH06,Female,Adult,Left,C,6,C6,Present,7.5,2.9,10.4
SH06,Female,Adult,Right,D,1,D1,Present,108.1,5.3,113.4
SH06,Female,Adult,Left,D,2,D2,Present,60.5,5.3,65.8
SH06,Female,Adult,Right,D,2,D2,Present,97.1,4.9,102
SH06,Female,Adult,Left,D,3,D3,Present,69.1,4.8,73.9
SH06,Female,Adult,Right,D,3,D3,Present,67.3,4.5,71.8
SH06,Female,Adult,Right,D,4,D4,Present,48.5,3.6,52.1
SH06,Female,Adult,Left,D,5,D5,Present,17.8,2.5,20.3
SH06,Female,Adult,Right,D,5,D5,Present,52.2,3.5,55.7
SH06,Female,Adult,Right,D,6,D6,Present,15.9,2.9,18.8
SH06,Female,Adult,Right,D,7,D7,Present,3.2,7.9,11
SH06,Female,Adult,Left,E,1,E1,Present,102.5,4.5,107
SH06,Female,Adult,Right,E,1,E1,Present,100.2,5.8,105.9
SH06,Female,Adult,Left,E,2,E2,Present,82.4,4.7,87
SH06,Female,Adult,Right,E,2,E2,Present,92.3,5.2,97.5
SH06,Female,Adult,Left,E,3,E3,Present,66.1,4.7,70.8
SH06,Female,Adult,Right,E,3,E3,Present,81.8,3,84.8
SH06,Female,Adult,Left,E,4,E4,Present,41.7,3.7,45.4
SH06,Female,Adult,Right,E,4,E4,Present,47.7,3.5,51.2
SH06,Female,Adult,Right,E,5,E5,Present,20,2.9,22.9
SH06,Female,Adult,Left,E,6,E6,Present,17.8,3.2,21
SH06,Female,Adult,Right,E,6,E6,Present,18.2,3.1,21.2
SH06,Female,Adult,Left,E,7,E7,Present,6.8,0.7,7.4
SH06,Female,Adult,Right,E,7,E7,Present,6.5,4.1,10.6
SH06,Female,Adult,Left,F,1,F1,Present,71,5.1,76
SH06,Female,Adult,Right,F,1,F1,Present,91.3,4.7,96
SH06,Female,Adult,Left,F,2,F2,Present,57.5,3.8,61.2
SH06,Female,Adult,Right,F,2,F2,Present,56.3,4.8,61.1
SH06,Female,Adult,Left,F,3,F3,Present,36.2,5,41.2
SH06,Female,Adult,Right,F,3,F3,Present,41.9,3.7,45.6
SH06,Female,Adult,Left,F,4,F4,Present,27.1,5.4,32.5
SH06,Female,Adult,Right,F,4,F4,Present,32.4,4.6,37
SH06,Female,Adult,Left,F,5,F5,Present,14.2,5,19.1
SH06,Female,Adult,Right,F,5,F5,Present,6.6,3.9,10.5
SH06,Female,Adult,Left,F,6,F6,Present,10,3.1,13.1
SH06,Female,Adult,Left,F,7,F7,Present,6.7,3.5,10.2
SH07,Male,Adult,Left,A,1,A1,Present,67.3,2.6,69.9
SH07,Male,Adult,Left,A,2,A2,Present,30.7,2.2,32.9
SH07,Male,Adult,Left,A,3,A3,Present,4.7,0.7,5.4
SH07,Male,Adult,Left,B,1,B1,Present,38.7,6,44.7
SH07,Male,Adult,Left,B,2,B2,Present,66.8,5.2,72
SH07,Male,Adult,Left,B,3,B3,Present,52.6,5.1,57.7
SH07,Male,Adult,Left,B,4,B4,Present,24.8,2.9,27.7
SH07,Male,Adult,Left,C,1,C1,Present,142.2,5.5,147.6
SH07,Male,Adult,Left,C,2,C2,Present,41.8,5.8,47.6
SH07,Male,Adult,Left,C,3,C3,Present,67.5,4.5,72
SH07,Male,Adult,Left,C,4,C4,Present,38,3,41
SH07,Male,Adult,Left,C,5,C5,Present,9.9,1.4,11.3
SH07,Male,Adult,Left,D,1,D1,Present,139.3,6.4,145.7
SH07,Male,Adult,Left,D,2,D2,Present,53.6,4.1,57.7
SH07,Male,Adult,Left,D,3,D3,Present,86.4,5.4,91.7
SH07,Male,Adult,Left,D,4,D4,Present,47.7,4.2,51.8
SH07,Male,Adult,Left,D,5,D5,Present,16.7,2.7,19.4
SH07,Male,Adult,Left,E,1,E1,Present,36.4,6.2,42.5
SH07,Male,Adult,Left,E,3,E3,Present,93.8,3,96.8
SH07,Male,Adult,Left,E,4,E4,Present,66.5,2.8,69.3
SH07,Male,Adult,Left,E,5,E5,Present,24.9,2.5,27.4
SH07,Male,Adult,Left,E,6,E6,Present,15.2,2,17.2
SH07,Male,Adult,Left,F,1,F1,Present,76.7,6.7,83.3
SH07,Male,Adult,Left,F,2,F2,Present,87.6,4.8,92.3
SH07,Male,Adult,Left,F,3,F3,Present,38.2,1.4,39.6
SH08,Female,Yearling,Right,A,1,A1,Present,53.9,4.6,58.5
SH08,Female,Yearling,Right,A,2,A2,Present,53.7,2.8,56.5
SH08,Female,Yearling,Right,A,3,A3,Present,19.7,3.1,22.8
SH08,Female,Yearling,Left,B,1,B1,Present,98,3.6,101.5
SH08,Female,Yearling,Right,B,1,B1,Present,100.1,4.4,104.5
SH08,Female,Yearling,Left,B,2,B2,Present,80.7,2.9,83.5
SH08,Female,Yearling,Right,B,2,B2,Present,78.6,4.1,82.6
SH08,Female,Yearling,Left,B,3,B3,Present,61.4,3.3,64.7
SH08,Female,Yearling,Right,B,3,B3,Present,57.3,3.3,60.6
SH08,Female,Yearling,Left,B,4,B4,Present,23.6,2.2,25.8
SH08,Female,Yearling,Right,B,4,B4,Present,22.3,2.5,24.8
SH08,Female,Yearling,Left,B,5,B5,Present,7,1.8,8.8
SH08,Female,Yearling,Right,B,5,B5,Present,5.7,0.7,6.4
SH08,Female,Yearling,Left,C,1,C1,Present,110,4.2,114.2
SH08,Female,Yearling,Right,C,1,C1,Present,98.7,5,103.7
SH08,Female,Yearling,Left,C,2,C2,Present,101.9,4,105.9
SH08,Female,Yearling,Right,C,2,C2,Present,102.2,4.3,106.5
SH08,Female,Yearling,Left,C,3,C3,Present,72.5,4.5,77
SH08,Female,Yearling,Right,C,3,C3,Present,68.9,4,72.9
SH08,Female,Yearling,Left,C,4,C4,Present,23.5,3.2,26.7
SH08,Female,Yearling,Right,C,4,C4,Present,8.3,3.2,11.5
SH08,Female,Yearling,Left,C,5,C5,Present,11.1,2.8,13.9
SH08,Female,Yearling,Right,C,5,C5,Present,8,2.5,10.5
SH08,Female,Yearling,Left,C,6,C6,Present,4.8,2.6,7.4
SH08,Female,Yearling,Right,C,6,C6,Present,4.9,0.6,5.5
SH08,Female,Yearling,Left,D,1,D1,Present,88.4,5.5,93.9
SH08,Female,Yearling,Right,D,1,D1,Present,99.4,5,104.4
SH08,Female,Yearling,Left,D,2,D2,Present,98.1,5.1,103.1
SH08,Female,Yearling,Right,D,2,D2,Present,69.1,4.5,73.5
SH08,Female,Yearling,Left,D,3,D3,Present,96.9,3.1,100
SH08,Female,Yearling,Right,D,3,D3,Present,92.8,3.9,96.7
SH08,Female,Yearling,Left,D,4,D4,Present,38.8,2.3,41.1
SH08,Female,Yearling,Right,D,4,D4,Present,56.6,3.4,60
SH08,Female,Yearling,Left,D,5,D5,Present,16.4,2,18.4
SH08,Female,Yearling,Right,D,5,D5,Present,21.5,3,24.5
SH08,Female,Yearling,Left,D,6,D6,Present,5.7,1.8,7.5
SH08,Female,Yearling,Right,D,6,D6,Present,13.2,2.5,15.7
SH08,Female,Yearling,Left,E,1,E1,Present,0.5,5.6,6.1
SH08,Female,Yearling,Right,E,1,E1,Present,95.5,6,101.5
SH08,Female,Yearling,Left,E,2,E2,Present,73.8,5.4,79.2
SH08,Female,Yearling,Right,E,2,E2,Present,81.8,6.2,88
SH08,Female,Yearling,Left,E,3,E3,Present,61.1,3,64
SH08,Female,Yearling,Right,E,3,E3,Present,70,4.9,74.9
SH08,Female,Yearling,Right,E,5,E5,Present,20.9,3.4,24.3
SH08,Female,Yearling,Left,E,6,E6,Present,13.6,3,16.6
SH08,Female,Yearling,Left,E,1,F1,Present,62,4.9,66.9
SH08,Female,Yearling,Right,F,1,F1,Present,75.7,5.7,81.4
SH08,Female,Yearling,Left,E,2,F2,Present,50.8,3.1,53.8
SH08,Female,Yearling,Right,F,2,F2,Present,56.3,3.7,60
SH08,Female,Yearling,Left,F,3,F3,Present,24.6,4.6,29.2
SH08,Female,Yearling,Right,F,3,F3,Present,40.2,3.5,43.7
SH08,Female,Yearling,Right,F,4,F4,Present,23.6,2.2,25.7
SH08,Female,Yearling,Left,F,5,F5,Present,9.8,3,12.8
SH09,Male,Yearling,Left,A,1,A1,Present,75.9,3.8,79.7
SH09,Male,Yearling,Right,A,1,A1,Present,79.4,3.2,82.6
SH09,Male,Yearling,Left,A,2,A2,Present,57.1,4.1,61.2
SH09,Male,Yearling,Right,A,2,A2,Present,64,3.3,67.3
SH09,Male,Yearling,Left,A,3,A3,Present,36.1,2.3,38.4
SH09,Male,Yearling,Right,A,3,A3,Present,5.8,3.2,9
SH09,Male,Yearling,Left,A,4,A4,Present,22.5,2.7,25.1
SH09,Male,Yearling,Right,A,4,A4,Present,15.9,3,18.9
SH09,Male,Yearling,Left,B,1,B1,Present,97,5.3,102.3
SH09,Male,Yearling,Right,B,1,B1,Present,94.1,4.5,98.6
SH09,Male,Yearling,Left,B,2,B2,Present,80.5,3.5,84
SH09,Male,Yearling,Right,B,2,B2,Present,72.9,4.4,77.3
SH09,Male,Yearling,Left,B,3,B3,Present,57.3,3.1,60.4
SH09,Male,Yearling,Right,B,3,B3,Present,60.9,2.6,63.5
SH09,Male,Yearling,Left,B,4,B4,Present,27,2.7,29.7
SH09,Male,Yearling,Right,B,4,B4,Present,25.2,3.7,28.9
SH09,Male,Yearling,Left,B,5,B5,Present,10.7,2,12.7
SH09,Male,Yearling,Right,B,5,B5,Present,10.7,2.4,13.1
SH09,Male,Yearling,Left,C,1,C1,Present,107.8,5.4,113.2
SH09,Male,Yearling,Right,C,1,C1,Present,108.7,4.7,113.3
SH09,Male,Yearling,Right,C,2,C2,Present,99.3,4.5,103.8
SH09,Male,Yearling,Left,C,3,C3,Present,81.1,3.7,84.8
SH09,Male,Yearling,Right,C,3,C3,Present,78.7,4.2,82.8
SH09,Male,Yearling,Left,C,4,C4,Present,19.5,2.1,21.5
SH09,Male,Yearling,Right,C,4,C4,Present,55.6,2.7,58.3
SH09,Male,Yearling,Left,C,5,C5,Present,19.1,2.5,21.6
SH09,Male,Yearling,Right,C,5,C5,Present,20.9,2.7,23.6
SH09,Male,Yearling,Left,C,6,C6,Present,8.5,1.7,10.2
SH09,Male,Yearling,Right,C,6,C6,Present,7.9,2.3,10.2
SH09,Male,Yearling,Left,D,1,D1,Present,110.7,4.8,115.5
SH09,Male,Yearling,Right,D,1,D1,Present,104.8,5.4,110.1
SH09,Male,Yearling,Left,D,2,D2,Present,107.7,4,111.7
SH09,Male,Yearling,Right,D,2,D2,Present,107.8,5.1,112.9
SH09,Male,Yearling,Left,D,3,D3,Present,88.6,4.9,93.5
SH09,Male,Yearling,Right,D,3,D3,Present,84.6,5.7,90.2
SH09,Male,Yearling,Left,D,4,D4,Present,54.4,2.3,56.7
SH09,Male,Yearling,Right,D,4,D4,Present,60.7,3.9,64.6
SH09,Male,Yearling,Left,D,5,D5,Present,27.8,2.5,30.3
SH09,Male,Yearling,Right,D,5,D5,Present,23.9,4.5,28.4
SH09,Male,Yearling,Left,D,6,D6,Present,8,3.7,11.7
SH09,Male,Yearling,Left,E,1,E1,Present,106.3,3.5,109.8
SH09,Male,Yearling,Right,E,1,E1,Present,104,5.8,109.7
SH09,Male,Yearling,Left,E,2,E2,Present,83.9,5.8,89.6
SH09,Male,Yearling,Right,E,2,E2,Present,97.6,6,103.6
SH09,Male,Yearling,Left,E,3,E3,Present,75.7,3,78.7
SH09,Male,Yearling,Right,E,3,E3,Present,78.8,6.4,85.2
SH09,Male,Yearling,Left,E,4,E4,Present,64.6,1.5,66.1
SH09,Male,Yearling,Right,E,4,E4,Present,51.3,4.2,55.5
SH09,Male,Yearling,Left,E,5,E5,Present,27.6,2.1,29.7
SH09,Male,Yearling,Right,E,5,E5,Present,27.6,4,31.6
SH09,Male,Yearling,Left,E,6,E6,Present,16,3.2,19.2
SH09,Male,Yearling,Right,E,6,E6,Present,12.2,2.4,14.6
SH09,Male,Yearling,Left,E,7,E7,Present,6.9,3.1,10
SH09,Male,Yearling,Left,F,1,F1,Present,78.3,5.3,83.5
SH09,Male,Yearling,Right,F,1,F1,Present,87.2,5.3,92.5
SH09,Male,Yearling,Left,F,2,F2,Present,71.2,4,75.2
SH09,Male,Yearling,Right,F,2,F2,Present,73.1,5.1,78.1
SH09,Male,Yearling,Left,F,3,F3,Present,43.4,2.9,46.3
SH09,Male,Yearling,Right,F,3,F3,Present,57,4.9,61.9
SH09,Male,Yearling,Left,F,4,F4,Present,7.8,4.7,12.5
SH09,Male,Yearling,Right,F,4,F4,Present,21.5,5.5,27
SH09,Male,Yearling,Left,F,5,F5,Present,24.9,3.2,28.1
SH09,Male,Yearling,Right,F,5,F5,Present,19.1,3.9,22.9
SH09,Male,Yearling,Left,F,6,F6,Present,8.9,3.6,12.5
SH09,Male,Yearling,Right,F,6,F6,Present,15.4,2.9,18.3
SH09,Male,Yearling,Left,F,7,F7,Present,9.3,3,12.3
SH09,Male,Yearling,Right,F,7,F7,Present,4.6,3.2,7.7
SH10,Male,Adult,Left,A,1,A1,Present,65.6,3.8,69.4
SH10,Male,Adult,Right,A,1,A1,Present,74.1,4.7,78.8
SH10,Male,Adult,Left,A,2,A2,Present,11.9,3.1,15
SH10,Male,Adult,Right,A,2,A2,Present,38.9,4.2,43.1
SH10,Male,Adult,Left,A,3,A3,Present,5.1,2.7,7.8
SH10,Male,Adult,Right,A,3,A3,Present,26.8,3.7,30.4
SH10,Male,Adult,Right,A,4,A4,Present,11.5,2.5,14
SH10,Male,Adult,Left,B,1,B1,Present,102.4,5.2,107.5
SH10,Male,Adult,Right,B,1,B1,Present,97.2,5.3,102.5
SH10,Male,Adult,Left,B,2,B2,Present,87.8,3.7,91.5
SH10,Male,Adult,Right,B,2,B2,Present,80.6,3.7,84.3
SH10,Male,Adult,Left,B,3,B3,Present,59.4,3.5,62.9
SH10,Male,Adult,Right,B,3,B3,Present,47.1,3.1,50.2
SH10,Male,Adult,Left,B,4,B4,Present,24,2.5,26.5
SH10,Male,Adult,Left,B,5,B5,Present,5.7,2.2,7.9
SH10,Male,Adult,Left,C,1,C1,Present,113.4,4.9,118.3
SH10,Male,Adult,Right,C,1,C1,Present,90.8,5.8,96.6
SH10,Male,Adult,Left,C,2,C2,Present,101.8,4.9,106.7
SH10,Male,Adult,Right,C,2,C2,Present,98.3,5.3,103.6
SH10,Male,Adult,Left,C,3,C3,Present,74.3,4.3,78.6
SH10,Male,Adult,Right,C,3,C3,Present,46.2,4.2,50.3
SH10,Male,Adult,Left,C,4,C4,Present,34.1,3.2,37.3
SH10,Male,Adult,Right,C,4,C4,Present,33.2,3.6,36.8
SH10,Male,Adult,Left,C,5,C5,Present,10.6,2.6,13.2
SH10,Male,Adult,Right,C,5,C5,Present,17.3,3.6,20.9
SH10,Male,Adult,Left,C,6,C6,Present,4,2.2,6.2
SH10,Male,Adult,Right,C,6,C6,Present,4.2,2.3,6.4
SH10,Male,Adult,Right,D,1,D1,Present,92.1,6.3,98.4
SH10,Male,Adult,Left,D,2,D2,Present,110.5,6.4,116.9
SH10,Male,Adult,Right,D,2,D2,Present,98,6.3,104.2
SH10,Male,Adult,Left,D,3,D3,Present,88.5,4,92.5
SH10,Male,Adult,Right,D,3,D3,Present,79,5,84
SH10,Male,Adult,Left,D,4,D4,Present,49.8,3.2,53
SH10,Male,Adult,Right,D,4,D4,Present,54.1,3.8,57.9
SH10,Male,Adult,Left,D,5,D5,Present,26.7,2.8,29.5
SH10,Male,Adult,Right,D,5,D5,Present,19.1,3,22.1
SH10,Male,Adult,Left,D,6,D6,Present,10,1.9,11.9
SH10,Male,Adult,Right,D,6,D6,Present,10.4,3,13.4
SH10,Male,Adult,Left,D,7,D7,Present,4.2,1.4,5.6
SH10,Male,Adult,Left,E,1,E1,Present,104.5,5.4,109.9
SH10,Male,Adult,Right,E,1,E1,Present,102.2,5.9,108
SH10,Male,Adult,Left,E,2,E2,Present,69.5,6.1,75.6
SH10,Male,Adult,Right,E,2,E2,Present,86.4,4.8,91.2
SH10,Male,Adult,Left,E,3,E3,Present,69.7,3.7,73.4
SH10,Male,Adult,Right,E,3,E3,Present,70.5,4.9,75.4
SH10,Male,Adult,Left,E,4,E4,Present,45.4,2.5,47.9
SH10,Male,Adult,Right,E,4,E4,Present,10.7,4.6,15.2
SH10,Male,Adult,Left,E,5,E5,Present,27.5,2.2,29.7
SH10,Male,Adult,Right,E,5,E5,Present,6.9,5.1,12
SH10,Male,Adult,Left,E,6,E6,Present,14.8,2.8,17.6
SH10,Male,Adult,Right,E,6,E6,Present,14.3,2.5,16.8
SH10,Male,Adult,Left,E,7,E7,Present,9.5,1.8,11.3
SH10,Male,Adult,Left,E,1,F1,Present,30.8,6.7,37.5
SH10,Male,Adult,Right,E,1,F1,Present,81.8,5.5,87.3
SH10,Male,Adult,Left,E,2,F2,Present,67.1,4.4,71.5
SH10,Male,Adult,Right,E,2,F2,Present,50.9,4.3,55.1
SH10,Male,Adult,Left,F,3,F3,Present,42.6,2.9,45.5
SH10,Male,Adult,Right,F,3,F3,Present,47.5,3.9,51.4
SH10,Male,Adult,Left,F,4,F4,Present,36.1,2.1,38.1
SH10,Male,Adult,Right,F,4,F4,Present,31.8,3.5,35.3
SH10,Male,Adult,Left,F,5,F5,Present,9,3.3,12.3
SH10,Male,Adult,Right,F,5,F5,Present,14.2,4.7,18.8
SH11,Unknown,Adult,Left,A,1,A1,Present,63.3,3.2,66.5
SH11,Unknown,Adult,Right,A,1,A1,Present,90.2,4,94.2
SH11,Unknown,Adult,Left,A,2,A2,Present,38,2.2,40.2
SH11,Unknown,Adult,Right,A,2,A2,Present,61.3,3.5,64.7
SH11,Unknown,Adult,Left,A,3,A3,Present,8.6,2.9,11.5
SH11,Unknown,Adult,Right,A,3,A3,Present,14.6,2.6,17.2
SH11,Unknown,Adult,Left,A,4,A4,Present,7.1,2.8,9.9
SH11,Unknown,Adult,Right,A,4,A4,Present,13.6,2.4,16
SH11,Unknown,Adult,Left,B,1,B1,Present,117.5,5,122.5
SH11,Unknown,Adult,Right,B,1,B1,Present,105.7,4.9,110.6
SH11,Unknown,Adult,Left,B,2,B2,Present,90.1,4.2,94.2
SH11,Unknown,Adult,Right,B,2,B2,Present,61.9,3.4,65.3
SH11,Unknown,Adult,Left,B,3,B3,Present,46.2,3.7,49.9
SH11,Unknown,Adult,Right,B,3,B3,Present,65.1,3.6,68.7
SH11,Unknown,Adult,Left,B,4,B4,Present,9.3,3.1,12.4
SH11,Unknown,Adult,Right,B,4,B4,Present,27.5,2.1,29.6
SH11,Unknown,Adult,Left,B,5,B5,Present,7,1.5,8.5
SH11,Unknown,Adult,Right,B,5,B5,Present,6.8,2.7,9.5
SH11,Unknown,Adult,Left,C,1,C1,Present,25,5.1,30.1
SH11,Unknown,Adult,Right,C,1,C1,Present,126.2,5.2,131.4
SH11,Unknown,Adult,Left,C,2,C2,Present,31,5,36
SH11,Unknown,Adult,Right,C,2,C2,Present,116.8,4.7,121.5
SH11,Unknown,Adult,Left,C,3,C3,Present,37.2,4.5,41.7
SH11,Unknown,Adult,Right,C,3,C3,Present,82.4,3.7,86.1
SH11,Unknown,Adult,Left,C,4,C4,Present,27.8,3.9,31.6
SH11,Unknown,Adult,Right,C,4,C4,Present,9.4,2.9,12.3
SH11,Unknown,Adult,Left,C,5,C5,Present,17.1,3,20
SH11,Unknown,Adult,Right,C,5,C5,Present,10.4,2.6,12.9
SH11,Unknown,Adult,Right,C,6,C6,Present,6.7,1.7,8.3
SH11,Unknown,Adult,Left,D,1,D1,Present,27.5,5,32.5
SH11,Unknown,Adult,Right,D,1,D1,Present,110.4,5.2,115.6
SH11,Unknown,Adult,Left,D,2,D2,Present,98,5.9,103.9
SH11,Unknown,Adult,Right,D,2,D2,Present,88.5,5.4,93.9
SH11,Unknown,Adult,Left,D,3,D3,Present,79.2,4.9,84
SH11,Unknown,Adult,Right,D,3,D3,Present,95.8,3,98.8
SH11,Unknown,Adult,Left,D,4,D4,Present,56.2,4,60.1
SH11,Unknown,Adult,Right,D,4,D4,Present,40.5,3.1,43.5
SH11,Unknown,Adult,Left,D,5,D5,Present,23.8,2.5,26.2
SH11,Unknown,Adult,Right,D,5,D5,Present,24.5,1.8,26.3
SH11,Unknown,Adult,Left,D,6,D6,Present,5.2,1.9,7.1
SH11,Unknown,Adult,Right,D,6,D6,Present,6.4,2,8.4
SH11,Unknown,Adult,Left,E,1,E1,Present,89.5,4.4,93.9
SH11,Unknown,Adult,Right,E,1,E1,Present,119.2,5.2,124.4
SH11,Unknown,Adult,Left,E,2,E2,Present,82.3,4,86.3
SH11,Unknown,Adult,Right,E,2,E2,Present,84.2,5.4,89.5
SH11,Unknown,Adult,Left,E,3,E3,Present,24.2,3.4,27.6
SH11,Unknown,Adult,Right,E,3,E3,Present,67.1,3.9,70.9
SH11,Unknown,Adult,Left,E,4,E4,Present,20.3,4.2,24.5
SH11,Unknown,Adult,Right,E,4,E4,Present,54.1,3.6,57.7
SH11,Unknown,Adult,Left,E,5,E5,Present,17.5,3.1,20.6
SH11,Unknown,Adult,Right,E,5,E5,Present,27.8,2.8,30.5
SH11,Unknown,Adult,Right,E,6,E6,Present,14.3,3.2,17.5
SH11,Unknown,Adult,Right,E,7,E7,Present,4.6,2,6.5
SH11,Unknown,Adult,Right,E,1,F1,Present,80.5,5.1,85.6
SH11,Unknown,Adult,Left,E,2,F2,Present,31.4,5.5,36.9
SH11,Unknown,Adult,Right,E,2,F2,Present,72.9,4.4,77.3
SH11,Unknown,Adult,Left,F,3,F3,Present,18.2,3,21.2
SH11,Unknown,Adult,Right,F,3,F3,Present,58.3,3.5,61.8
SH11,Unknown,Adult,Left,F,4,F4,Present,29.1,4.5,33.6
SH11,Unknown,Adult,Right,F,4,F4,Present,35,2.3,37.3
SH11,Unknown,Adult,Left,F,5,F5,Present,15.8,2.8,18.6
SH11,Unknown,Adult,Left,F,6,F6,Present,15.7,5.4,21.1
SH11,Unknown,Adult,Right,F,6,F6,Present,6.4,2.2,8.6
SH11,Unknown,Adult,Left,F,7,F7,Present,10.5,3,13.5
SH11,Unknown,Adult,Right,F,7,F7,Present,5.8,2.6,8.3
SH12,Female,Adult,Left,A,1,A1,Present,67.8,3.3,71.1
SH12,Female,Adult,Right,A,1,A1,Present,62.9,3.8,66.7
SH12,Female,Adult,Left,A,2,A2,Present,38.2,1.8,40
SH12,Female,Adult,Right,A,2,A2,Present,30.2,1.9,32.1
SH12,Female,Adult,Left,A,3,A3,Present,16.6,1.4,18
SH12,Female,Adult,Right,A,3,A3,Present,17.5,2.5,19.9
SH12,Female,Adult,Left,B,1,B1,Present,73.1,5.2,78.3
SH12,Female,Adult,Right,B,1,B1,Present,71.6,4.1,75.7
SH12,Female,Adult,Left,B,2,B2,Present,74.9,3.9,78.8
SH12,Female,Adult,Left,B,3,B3,Present,64.1,2.8,66.9
SH12,Female,Adult,Right,B,3,B3,Present,48.9,2.8,51.7
SH12,Female,Adult,Left,B,4,B4,Present,31.8,1.8,33.6
SH12,Female,Adult,Right,B,4,B4,Present,25,2.2,27.2
SH12,Female,Adult,Left,B,5,B5,Present,5.7,2.7,8.4
SH12,Female,Adult,Right,B,5,B5,Present,10.1,2.7,12.8
SH12,Female,Adult,Left,C,1,C1,Present,57.9,6.8,64.7
SH12,Female,Adult,Left,C,2,C2,Present,74.7,4.6,79.3
SH12,Female,Adult,Right,C,2,C2,Present,43.3,3.8,47.1
SH12,Female,Adult,Left,C,3,C3,Present,76.4,3.5,79.9
SH12,Female,Adult,Right,C,3,C3,Present,60,2.3,62.3
SH12,Female,Adult,Left,C,4,C4,Present,32.5,3.2,35.7
SH12,Female,Adult,Right,C,4,C4,Present,40.7,2.4,43
SH12,Female,Adult,Left,C,5,C5,Present,17.5,1.5,19
SH12,Female,Adult,Right,C,5,C5,Present,17.9,2.3,20.1
SH12,Female,Adult,Left,C,6,C6,Present,6,0.6,6.6
SH12,Female,Adult,Right,C,6,C6,Present,7.1,1.1,8.2
SH12,Female,Adult,Left,D,1,D1,Present,87.7,4.9,92.5
SH12,Female,Adult,Right,D,1,D1,Present,68.7,5.8,74.5
SH12,Female,Adult,Left,D,2,D2,Present,66,5.4,71.4
SH12,Female,Adult,Right,D,2,D2,Present,55.2,4.9,60
SH12,Female,Adult,Left,D,3,D3,Present,81.1,2.4,83.5
SH12,Female,Adult,Left,D,4,D4,Present,52.9,3.1,56
SH12,Female,Adult,Right,D,4,D4,Present,53.7,3.1,56.8
SH12,Female,Adult,Left,D,5,D5,Present,31.5,1.9,33.4
SH12,Female,Adult,Left,D,6,D6,Present,19.5,1.4,20.9
SH12,Female,Adult,Right,D,6,D6,Present,18.9,1.5,20.4
SH12,Female,Adult,Left,D,7,D7,Present,10.4,1.6,12
SH12,Female,Adult,Right,D,7,D7,Present,9,2.4,11.4
SH12,Female,Adult,Left,E,1,E1,Present,79.2,5,84.1
SH12,Female,Adult,Right,E,1,E1,Present,78.8,5.4,84.1
SH12,Female,Adult,Left,E,2,E2,Present,70.5,5.3,75.7
SH12,Female,Adult,Right,E,2,E2,Present,70.8,5.4,76.1
SH12,Female,Adult,Left,E,3,E3,Present,76.8,4.9,81.7
SH12,Female,Adult,Right,E,3,E3,Present,68.9,4.2,73.1
SH12,Female,Adult,Left,E,4,E4,Present,26.4,3.2,29.5
SH12,Female,Adult,Right,E,4,E4,Present,41.7,2.9,44.5
SH12,Female,Adult,Right,E,5,E5,Present,31.4,3.4,34.8
SH12,Female,Adult,Left,E,6,E6,Present,19.7,1.4,21.1
SH12,Female,Adult,Right,E,6,E6,Present,19.8,2.8,22.6
SH12,Female,Adult,Left,E,7,E7,Present,5.3,4.2,9.5
SH12,Female,Adult,Right,E,7,E7,Present,11,2.2,13.2
SH12,Female,Adult,Left,F,1,F1,Present,73.2,5.5,78.7
SH12,Female,Adult,Left,F,2,F2,Present,81.8,5.1,86.8
SH12,Female,Adult,Right,F,2,F2,Present,44.4,4.2,48.5
SH12,Female,Adult,Left,F,3,F3,Present,60.7,4,64.7
SH12,Female,Adult,Right,F,3,F3,Present,41.6,4.6,46.1
SH12,Female,Adult,Left,F,4,F4,Present,39.8,2.7,42.5
SH12,Female,Adult,Right,F,4,F4,Present,42.4,2.9,45.3
SH12,Female,Adult,Left,F,5,F5,Present,28.4,1.6,30
SH12,Female,Adult,Right,F,5,F5,Present,34.8,2.3,37.1
SH12,Female,Adult,Left,F,6,F6,Present,14.1,3.3,17.4
SH12,Female,Adult,Right,F,6,F6,Present,25.9,2.5,28.4
SH12,Female,Adult,Left,F,7,F7,Present,8.5,2.4,10.8
SH12,Female,Adult,Right,F,7,F7,Present,20.4,2.2,22.6
SH13,Male,Yearling,Left,A,1,A1,Present,74.6,4.2,78.8
SH13,Male,Yearling,Right,A,1,A1,Present,82.6,3.7,86.3
SH13,Male,Yearling,Right,A,2,A2,Present,48.7,3.4,52.1
SH13,Male,Yearling,Left,A,3,A3,Present,29.2,1.7,30.8
SH13,Male,Yearling,Right,A,3,A3,Present,30.9,3.1,34
SH13,Male,Yearling,Left,A,4,A4,Present,15.5,1.9,17.4
SH13,Male,Yearling,Right,A,4,A4,Present,17.6,1.7,19.3
SH13,Male,Yearling,Left,B,1,B1,Present,103.4,5.2,108.5
SH13,Male,Yearling,Right,B,1,B1,Present,106.7,3.9,110.6
SH13,Male,Yearling,Left,B,2,B2,Present,86.9,4.2,91.1
SH13,Male,Yearling,Right,B,2,B2,Present,60.8,3.3,64.1
SH13,Male,Yearling,Left,B,3,B3,Present,57.7,3,60.7
SH13,Male,Yearling,Right,B,3,B3,Present,63.3,3.7,67
SH13,Male,Yearling,Left,B,4,B4,Present,11,2.4,13.4
SH13,Male,Yearling,Right,B,4,B4,Present,17.3,2.9,20.2
SH13,Male,Yearling,Left,B,5,B5,Present,8.3,1,9.3
SH13,Male,Yearling,Left,C,1,C1,Present,115.7,5.2,120.9
SH13,Male,Yearling,Right,C,1,C1,Present,114.8,4.3,119.1
SH13,Male,Yearling,Left,C,2,C2,Present,101.6,4.5,106.1
SH13,Male,Yearling,Right,C,2,C2,Present,105.3,4,109.3
SH13,Male,Yearling,Left,C,3,C3,Present,52.3,3.4,55.7
SH13,Male,Yearling,Right,C,3,C3,Present,60.1,3.5,63.6
SH13,Male,Yearling,Left,C,4,C4,Present,38.3,3.7,42
SH13,Male,Yearling,Right,C,4,C4,Present,40.4,3,43.4
SH13,Male,Yearling,Left,C,5,C5,Present,7.6,3.8,11.4
SH13,Male,Yearling,Left,C,6,C6,Present,5.3,1.8,7.1
SH13,Male,Yearling,Left,D,1,D1,Present,114.6,6.4,121
SH13,Male,Yearling,Right,D,1,D1,Present,120.9,4.8,125.7
SH13,Male,Yearling,Left,D,2,D2,Present,79.1,5.3,84.4
SH13,Male,Yearling,Right,D,2,D2,Present,114.4,4.7,119.1
SH13,Male,Yearling,Left,D,3,D3,Present,78.5,3.9,82.3
SH13,Male,Yearling,Right,D,3,D3,Present,90,4.1,94
SH13,Male,Yearling,Left,D,4,D4,Present,28.3,4.4,32.7
SH13,Male,Yearling,Right,D,4,D4,Present,36.4,4.3,40.7
SH13,Male,Yearling,Left,D,5,D5,Present,12.4,4.3,16.6
SH13,Male,Yearling,Right,D,5,D5,Present,22.4,3.5,25.8
SH13,Male,Yearling,Left,D,6,D6,Present,6.7,2.6,9.3
SH13,Male,Yearling,Left,D,7,D7,Present,9.9,2,11.9
SH13,Male,Yearling,Left,E,1,E1,Present,105.5,4.9,110.4
SH13,Male,Yearling,Right,E,1,E1,Present,114.7,5.8,120.5
SH13,Male,Yearling,Left,E,2,E2,Present,94.7,5.1,99.7
SH13,Male,Yearling,Right,E,2,E2,Present,91.6,4.3,95.9
SH13,Male,Yearling,Left,E,3,E3,Present,78.4,4.8,83.2
SH13,Male,Yearling,Right,E,3,E3,Present,73.3,3.8,77.1
SH13,Male,Yearling,Left,E,4,E4,Present,11.9,2.2,14.1
SH13,Male,Yearling,Right,E,4,E4,Present,22.1,3.6,25.7
SH13,Male,Yearling,Left,E,5,E5,Present,12.6,3.9,16.4
SH13,Male,Yearling,Right,E,5,E5,Present,20.4,3.6,24
SH13,Male,Yearling,Left,E,6,E6,Present,17.2,3.1,20.3
SH13,Male,Yearling,Left,E,7,E7,Present,6.3,3.1,9.4
SH13,Male,Yearling,Left,F,1,F1,Present,58,5.3,63.2
SH13,Male,Yearling,Right,F,1,F1,Present,88,5,93
SH13,Male,Yearling,Left,F,2,F2,Present,46.9,4.3,51.2
SH13,Male,Yearling,Right,F,2,F2,Present,59.8,3.7,63.5
SH13,Male,Yearling,Left,F,3,F3,Present,58.2,3.8,61.9
SH13,Male,Yearling,Right,F,3,F3,Present,65.6,4.3,69.9
SH13,Male,Yearling,Left,F,4,F4,Present,33.5,3.3,36.8
SH13,Male,Yearling,Right,F,4,F4,Present,38.8,4.6,43.4
SH13,Male,Yearling,Left,F,5,F5,Present,23,3,26
SH13,Male,Yearling,Right,F,5,F5,Present,33.5,3.5,37
SH13,Male,Yearling,Left,F,6,F6,Present,12.1,3,15.1
SH13,Male,Yearling,Right,F,6,F6,Present,15.2,3,18.2
SH13,Male,Yearling,Left,F,7,F7,Present,8.3,2.5,10.8
