date_collected,specimen_ID,name,sex,age,row,column,position_on_face,estimated_intradermal_length_mm,extradermal_length_mm,estimated_total_length_mm
28/06/2018,900006000156501,Williams,Female,Adult,F,1,F1,5.5,87,92.5
26/06/2018,900006000170244,Edberg,Male,Adult,C,1,C1,5.4,38,43.4
28/06/2018,900006000170415,Asahi,Female,Adult,B,1,B1,4.9,75,79.9
26/06/2018,900006000170940,Comaneci,Female,Adult,F,1,F1,5.5,70.5,76.0
28/06/2018,900006000171249,Yurovsky,Female,Adult,E,1,E1,5.5,65.5,71.0
26/06/2018,900006000171649,Thorpe,Male,Adult,D,1,D1,5.7,39.5,45.2
26/06/2018,900006000172720,Halep,Female,Adult,C,1,C1,5.4,100,105.4
28/06/2018,900006000210892,Rosewall,Male,Adult,B,1,B1,4.9,71,75.9
18/06/2019,900164001721694,Kohoutek,Male,Yearling,C,1,C1,5.4,122,127.4
09/06/2018,943094320340389,Sebastian,Male,Adult,D,1,D1,5.7,51.5,57.2
01/09/2018,943094320340406,Io,Female,Adult,D,1,D1,5.7,108,113.7
03/06/2018,943094320340419,Napoleon,Male,Adult,C,1,C1,5.4,113,118.4
06/09/2018,943094320388172,Kennedy,Male,Adult,C,1,C1,5.4,73,78.4
24/08/2018,943094320388245,Zagreb,Male,Adult,D,1,D1,5.7,78,83.7
08/05/2019,943094320388245,Zagreb,Male,Adult,B,1,B1,4.9,82,86.9
11/07/2018,943094320388370,Amsterdam,Male,Adult,C,1,C1,5.4,80,85.4
07/07/2018,943094320388804,Frangipani,Female,Adult,E,1,E1,5.5,79,84.5
10/09/2018,943094320388804,Frangipani,Female,Adult,E,1,E1,5.5,96.5,102.0
07/06/2019,943094320388804,Frangipani,Female,Adult,C,1,C1,5.4,89.5,94.9
05/06/2018,943094320388819,Jefferson,Male,Adult,B,1,B1,4.9,132,136.9
17/05/2019,943094320388819,Jefferson,Male,Adult,C,1,C1,5.4,49,54.4
26/06/2019,943094320388819,Jefferson,Male,Adult,F,1,F1,5.5,56,61.5
10/09/2018,943094320422094,Questa,Female,Adult,C,1,C1,5.4,61.5,66.9
18/08/2018,943094320422698,Pavlova,Female,Adult,E,1,E1,5.5,72,77.5
07/05/2019,943094320422698,Pavlova,Female,Adult,C,1,C1,5.4,94,99.4
06/09/2018,943094320422910,Umm,Female,Adult,E,1,E1,5.5,80.5,86.0
04/09/2018,943094320451190,Eleanor,Female,Adult,F,1,F1,5.5,63.5,69.0
22/05/2019,943094320451190,Eleanor,Female,Adult,E,1,E1,5.5,88.5,94.0
18/08/2018,943094320451785,Yerusha,Female,Adult,C,1,C1,5.4,48,53.4
30/06/2019,943094320451785,Yerusha,Female,Adult,D,1,D1,5.7,63.5,69.2
05/09/2018,943094320451865,Furina,Female,Adult,C,1,C1,5.4,81,86.4
12/07/2018,943094320483241,Bhutto,Female,Adult,D,1,D1,5.7,92,97.7
03/09/2018,943094320483451,Odile,Female,Adult,C,1,C1,5.4,121,126.4
21/08/2018,943094320483552,Dodoma,Female,Adult,F,1,F1,5.5,100.5,106.0
09/05/2019,943094320483636,Sydney,Male,Adult,C,1,C1,5.4,90,95.4
05/09/2018,943094320483771,Lincoln,Male,Adult,E,1,E1,5.5,58.5,64.0
19/05/2019,943094320483771,Lincoln,Male,Adult,B,1,B1,4.9,63,67.9
20/08/2018,943094320483875,Kiev,Male,Adult,B,1,B1,4.9,57.5,62.4
06/05/2019,943094320483875,Kiev,Male,Adult,E,1,E1,5.5,90,95.5
13/07/2018,943094320483886,Funafuti,Male,Adult,D,1,D1,5.7,80,85.7
07/06/2018,943094320483916,Tallinn,Male,Adult,A,1,A1,3.7,101,104.7
19/09/2018,943094320483916,Tallinn,Male,Adult,F,1,F1,5.5,80,85.5
05/09/2018,943094320483922,Marvell,Male,Adult,D,1,D1,5.7,74,79.7
16/05/2019,943094320483922,Marvell,Male,Adult,C,1,C1,5.4,115,120.4
04/10/2018,943094320483937,Mimosa,Female,Adult,C,1,C1,5.4,113.5,118.9
18/08/2018,943094320483963,Ottawa,Female,Adult,C,1,C1,5.4,75,80.4
04/06/2018,943094320483973,Lulu,Female,Adult,B,1,B1,4.9,84.5,89.4
14/09/2018,943094320483973,Lulu,Female,Adult,E,1,E1,5.5,105.5,111.0
08/07/2018,943094320483985,Vilnius,Male,Adult,D,1,D1,5.7,80.5,86.2
06/05/2019,943094320483985,Vilnius,Male,Adult,C,1,C1,5.4,51.5,56.9
19/08/2018,943094320483986,Echuca,Female,Adult,C,1,C1,5.4,124,129.4
22/08/2018,943094320484017,Oslo,Male,Adult,E,1,E1,5.5,84,89.5
10/05/2019,943094320484024,Ixtapa,Female,Adult,D,1,D1,5.7,89,94.7
02/08/2018,943094320494415,Bellatrix,Female,Adult,C,1,C1,5.4,93,98.4
26/09/2018,943094320494415,Bellatrix,Female,Adult,E,1,E1,5.5,38,43.5
04/02/2019,943094320494415,Bellatrix,Female,Adult,C,1,C1,5.4,38.5,43.9
01/09/2018,943094320494571,Sholokhov,Male,Adult,C,1,C1,5.4,111,116.4
17/05/2019,943094320494571,Sholokhov,Male,Adult,C,1,C1,5.4,116,121.4
22/09/2018,943094320494649,Javelina,Female,Adult,B,1,B1,4.9,76,80.9
15/06/2019,943094320494649,Javelina,Female,Adult,D,1,D1,5.7,104,109.7
03/06/2018,943094320494653,Arno,Male,Adult,C,1,C1,5.4,122,127.4
15/09/2018,943094320494653,Arno,Male,Adult,D,1,D1,5.7,98,103.7
25/06/2019,943094320494653,Arno,Male,Adult,C,1,C1,5.4,126,131.4
19/07/2018,943094320494667,Askella,Female,Adult,B,1,B1,4.9,127,131.9
21/05/2019,943094320494671,Raleigh,Male,Adult,B,1,B1,4.9,102,106.9
21/09/2018,943094320494689,Talitha,Female,Adult,B,1,B1,4.9,144,148.9
16/06/2019,943094320494689,Talitha,Female,Adult,D,1,D1,5.7,113,118.7
24/09/2018,943094320494692,Furud,Male,Adult,E,1,E1,5.5,88.5,94.0
03/02/2019,943094320494692,Furud,Male,Adult,C,1,C1,5.4,61,66.4
21/09/2018,943094320494694,Jysetha,Female,Adult,E,1,E1,5.5,85,90.5
01/08/2018,943094320494785,Indi,Female,Adult,D,1,D1,5.7,106,111.7
21/09/2018,943094320494785,Indi,Female,Adult,C,1,C1,5.4,93.5,98.9
04/02/2019,943094320494785,Indi,Female,Adult,B,1,B1,4.9,63,67.9
04/09/2018,943094320494797,Quincy,Male,Adult,C,1,C1,5.4,64,69.4
20/08/2018,943094320494832,Windhoek,Male,Adult,D,1,D1,5.7,73.5,79.2
22/05/2019,943094320494843,Indus,Male,Adult,C,1,C1,5.4,78.5,83.9
26/09/2018,943094320494849,Spica,Female,Adult,C,1,C1,5.4,78,83.4
19/07/2018,943094320494851,Arcturus,Male,Adult,B,1,B1,4.9,89.5,94.4
23/09/2018,943094320494851,Arcturus,Male,Adult,E,1,E1,5.5,85.5,91.0
03/02/2019,943094320494851,Arcturus,Male,Adult,F,1,F1,5.5,118,123.5
15/06/2019,943094320494851,Arcturus,Male,Adult,C,1,C1,5.4,45,50.4
04/06/2018,943094320494854,Fulda,Female,Adult,D,1,D1,5.7,95,100.7
16/09/2018,943094320494854,Fulda,Female,Adult,E,1,E1,5.5,98.5,104.0
04/09/2018,943094320494858,Vaughan,Male,Adult,E,1,E1,5.5,110,115.5
08/06/2018,943094320494868,Fraser,Male,Adult,C,1,C1,5.4,122,127.4
18/09/2018,943094320494868,Fraser,Male,Adult,C,1,C1,5.4,54.5,59.9
17/09/2018,943094320494923,Hudson,Male,Adult,C,1,C1,5.4,82,87.4
26/06/2019,943094320494923,Hudson,Male,Adult,D,1,D1,5.7,148.5,154.2
22/09/2018,943094320494981,Fenrir,Female,Adult,E,1,E1,5.5,72,77.5
03/02/2019,943094320494981,Fenrir,Female,Adult,E,1,E1,5.5,68,73.5
06/06/2018,943094320494999,Ebro,Male,Adult,A,1,A1,3.7,102,105.7
17/09/2018,943094320494999,Ebro,Male,Adult,D,1,D1,5.7,125,130.7
23/11/2018,943094320494999,Ebro,Male,Adult,D,1,D1,5.7,106,111.7
26/06/2019,943094320494999,Ebro,Male,Adult,D,1,D1,5.7,46,51.7
03/06/2018,943094320495010,Haina,Female,Adult,D,1,D1,5.7,117,122.7
16/09/2018,943094320495010,Haina,Female,Adult,B,1,B1,4.9,88,92.9
24/11/2018,943094320495010,Haina,Female,Adult,B,1,B1,4.9,104,108.9
25/06/2019,943094320495010,Haina,Female,Adult,C,1,C1,5.4,111,116.4
31/08/2018,943094320495019,Purcell,Male,Adult,F,1,F1,5.5,88.5,94.0
23/09/2018,943094320495093,Deucalion,Male,Adult,E,1,E1,5.5,107.5,113.0
09/02/2019,943094320495093,Deucalion,Male,Adult,D,1,D1,5.7,65,70.7
21/08/2018,943094320495401,Valletta,Female,Adult,D,1,D1,5.7,56.5,62.2
06/09/2018,943094320495415,Xanthe,Female,Adult,D,1,D1,5.7,121.5,127.2
14/09/2018,943094320495423,Upsala,Female,Adult,D,1,D1,5.7,87,92.7
12/07/2018,943094320495427,Peron,Female,Adult,C,1,C1,5.4,128,133.4
11/07/2018,943094320495483,Hawke,Male,Adult,D,1,D1,5.7,138.5,144.2
02/08/2018,943094320495531,Inigo,Male,Adult,D,1,D1,5.7,59.5,65.2
21/09/2018,943094320495552,Diana,Female,Adult,B,1,B1,4.9,68,72.9
19/06/2019,943094320495552,Diana,Female,Adult,E,1,E1,5.5,46,51.5
02/08/2018,943094320495582,Goya,Male,Adult,E,1,E1,5.5,70.5,76.0
21/08/2018,943094320495586,Clyde,Male,Adult,B,1,B1,4.9,72.5,77.4
09/05/2019,943094320495586,Clyde,Male,Adult,D,1,D1,5.7,96,101.7
05/09/2018,943094320495606,Wyatt,Male,Adult,E,1,E1,5.5,99.5,105.0
20/05/2019,943094320495606,Wyatt,Male,Adult,C,1,C1,5.4,119,124.4
03/06/2018,943094320495612,Brahmaputra,Female,Adult,E,1,E1,5.5,81,86.5
24/11/2018,943094320495612,Brahmaputra,Female,Adult,D,1,D1,5.7,79,84.7
25/06/2019,943094320495612,Brahmaputra,Female,Adult,B,1,B1,4.9,74.5,79.4
01/09/2018,943094320495614,Savitri,Female,Adult,F,1,F1,5.5,62.5,68.0
20/05/2019,943094320495614,Savitri,Female,Adult,E,1,E1,5.5,67,72.5
02/08/2018,943094320495678,Jeffo Junior,Male,Adult,B,1,B1,4.9,68,72.9
09/02/2019,943094320495678,Jeffo Junior,Male,Adult,C,1,C1,5.4,53,58.4
17/06/2019,943094320495678,Jeffo Junior,Male,Adult,D,1,D1,5.7,97.5,103.2
23/09/2018,943094320495730,Alcott,Female,Adult,D,1,D1,5.7,126.5,132.2
03/02/2019,943094320495730,Alcott,Female,Adult,C,1,C1,5.4,64,69.4
18/06/2019,943094320495730,Alcott,Female,Adult,E,1,E1,5.5,89.5,95.0
18/07/2018,943094320495767,Catullus,Male,Adult,E,1,E1,5.5,60.5,66.0
12/09/2018,943094320495787,Xihua,Female,Adult,E,1,E1,5.5,86,91.5
10/05/2019,943094320495787,Xihua,Female,Adult,D,1,D1,5.7,88,93.7
18/07/2018,943094320495788,Hero,Female,Adult,F,1,F1,5.5,85.5,91.0
26/09/2018,943094320495788,Hero,Female,Adult,D,1,D1,5.7,96,101.7
21/09/2018,943094320495826,Keller,Female,Adult,D,1,D1,5.7,112,117.7
09/07/2018,943094320495897,Mandela,Male,Adult,D,1,D1,5.7,64,69.7
11/09/2018,943094320495897,Mandela,Male,Adult,E,1,E1,5.5,87,92.5
18/07/2018,943094320495900,Flaubert,Male,Adult,E,1,E1,5.5,58.5,64.0
22/09/2018,943094320495903,Clio,Female,Adult,D,1,D1,5.7,86,91.7
04/02/2019,943094320495903,Clio,Female,Adult,D,1,D1,5.7,50.5,56.2
15/06/2019,943094320495903,Clio,Female,Adult,E,1,E1,5.5,79.5,85.0
22/08/2018,943094320495914,Dhaulagiri,Male,Adult,C,1,C1,5.4,75,80.4
07/07/2018,943094320495931,Iliescu,Male,Adult,E,1,E1,5.5,52,57.5
11/09/2018,943094320495931,Iliescu,Male,Adult,D,1,D1,5.7,73.5,79.2
20/08/2018,943094320495943,Acatenango,Male,Adult,F,1,F1,5.5,76.5,82.0
07/07/2018,943094320495950,Bimberi,Male,Adult,C,1,C1,5.4,81,86.4
09/05/2019,943094320495950,Bimberi,Male,Adult,D,1,D1,5.7,87,92.7
09/07/2018,943094320495953,Castro,Male,Adult,C,1,C1,5.4,103,108.4
02/09/2018,943094320495963,Arcanine,Male,Adult,C,1,C1,5.4,118,123.4
17/05/2019,943094320495963,Arcanine,Male,Adult,D,1,D1,5.7,115,120.7
01/07/2018,982000356577889,Enqvist,Male,Adult,C,1,C1,5.4,119.5,124.9
29/06/2018,982000356707328,Liddell,Male,Adult,E,1,E1,5.5,67,72.5
01/07/2018,982000361918423,Xiong,Male,Adult,C,1,C1,5.4,101,106.4
26/06/2018,982000361921151,Vinci,Female,Adult,D,1,D1,5.7,96,101.7
29/06/2018,982000361969503,Queally,Male,Adult,C,1,C1,5.4,90.5,95.9
09/07/2018,982000365111989,Tsai,Female,Adult,D,1,D1,5.7,115.5,121.2
14/09/2018,982000365111989,Tsai,Female,Adult,D,1,D1,5.7,132.5,138.2
30/09/2018,982000365592349,Ulex,Male,Yearling,D,1,D1,5.7,141,146.7
15/09/2018,982000365594396,Clementine,Female,Yearling,F,1,F1,5.5,54,59.5
14/09/2018,982000365601187,Haloumi,Male,Adult,E,1,E1,5.5,82.5,88.0
07/07/2018,982000402221989,Licaria,Female,Adult,D,1,D1,5.7,135,140.7
29/09/2018,982000402221989,Licaria,Female,Adult,D,1,D1,5.7,127,132.7
29/05/2019,982000402221989,Licaria,Female,Adult,E,1,E1,5.5,92,97.5
11/08/2018,982000402222484,Pontchartrain,Male,Adult,C,1,C1,5.4,110,115.4
08/07/2018,982000402223211,Sirleaf,Female,Adult,F,1,F1,5.5,74,79.5
11/09/2018,982000402223211,Sirleaf,Female,Adult,E,1,E1,5.5,112,117.5
10/06/2019,982000402223211,Sirleaf,Female,Adult,D,1,D1,5.7,128.5,134.2
01/07/2018,982000405789835,Hoad,Male,Adult,B,1,B1,4.9,47,51.9
08/07/2018,982000405792275,Roquefort,Male,Yearling,C,1,C1,5.4,149,154.4
10/09/2018,982000405792275,Roquefort,Male,Yearling,F,1,F1,5.5,66,71.5
10/06/2019,982000405792275,Roquefort,Male,Adult,C,1,C1,5.4,126,131.4
08/07/2018,982000405792549,Testouri,Male,Yearling,B,1,B1,4.9,126,130.9
30/06/2018,982000405792597,Agassi,Male,Adult,E,1,E1,5.5,68,73.5
02/07/2018,982000405794113,Uhlirova,Female,Adult,C,1,C1,5.4,115,120.4
01/08/2018,982000405794349,Kiviuq,Male,Adult,D,1,D1,5.7,97,102.7
29/07/2018,982000405794391,Hamal,Male,Adult,E,1,E1,5.5,141,146.5
21/06/2019,982000405794391,Hamal,Male,Adult,C,1,C1,5.4,125.5,130.9
26/06/2018,982000405794704,Moya,Male,Adult,D,1,D1,5.7,64,69.7
02/08/2018,982000405794818,Labrum,Male,Adult,D,1,D1,5.7,102,107.7
10/09/2018,982000405795018,Gutta-Percha,Female,Yearling,F,1,F1,5.5,63,68.5
16/06/2019,982000405796922,Harak,Male,Adult,A,1,A1,3.7,76,79.7
27/06/2018,982000405797500,Youzhny,Male,Adult,C,1,C1,5.4,109,114.4
10/09/2018,982000405797807,Zumelle,Male,Yearling,E,1,E1,5.5,66.5,72.0
27/06/2018,982000405800390,Quirot,Female,Adult,F,1,F1,5.5,93.5,99.0
09/09/2018,982000405915146,Xynomizithra,Female,Yearling,B,1,B1,4.9,36.5,41.4
26/09/2018,982000405915157,Volantis,Male,Yearling,D,1,D1,5.7,45,50.7
03/02/2019,982000405915157,Volantis,Male,Yearling,D,1,D1,5.7,65.5,71.2
18/06/2019,982000405915157,Volantis,Male,Adult,F,1,F1,5.5,65,70.5
07/07/2018,982000405915312,Quadro,Male,Yearling,D,1,D1,5.7,143,148.7
01/06/2019,982000405916926,Vernicia,Female,Adult,D,1,D1,5.7,116,121.7
21/09/2018,982000405917091,Denebola,Female,Yearling,F,1,F1,5.5,81.5,87.0
23/09/2018,982000409535214,Quantz,Male,Yearling,C,1,C1,5.4,122,127.4
07/02/2019,982000409535214,Quantz,Male,Yearling,B,1,B1,4.9,82,86.9
31/05/2019,982000409535227,Chaplin,Male,Adult,C,1,C1,5.4,75,80.4
07/06/2019,982000410416388,Nungu,Male,Yearling,D,1,D1,5.7,111,116.7
05/06/2019,982000410417100,Emblica,Female,Yearling,C,1,C1,5.4,135.5,140.9
08/06/2019,982000410419460,Sweetsop,Male,Yearling,D,1,D1,5.7,146,151.7
05/06/2019,982000410419627,Kumquat,Male,Yearling,D,1,D1,5.7,136.5,142.2
10/06/2019,982000410419660,Wongi,Male,Adult,B,1,B1,4.9,68,72.9
10/05/2019,991001000620243,Yuna,Female,Adult,D,1,D1,5.7,124,129.7
13/08/2018,991001000620306,Bogoria,Female,Adult,D,1,D1,5.7,108,113.7
12/08/2018,991001000620394,Naivasha,Female,Adult,B,1,B1,4.9,90.5,95.4
02/10/2018,991001000620400,Elm,Male,Adult,B,1,B1,4.9,76.5,81.4
09/07/2018,991001000620452,Dunbarra,Female,Adult,E,1,E1,5.5,60.5,66.0
11/07/2018,991001000620452,Dunbarra,Female,Adult,F,1,F1,5.5,50,55.5
29/06/2018,991001000620453,Uchiyama,Male,Adult,E,1,E1,5.5,87.5,93.0
09/08/2018,991001000620460,Rudolf,Male,Adult,C,1,C1,5.4,146,151.4
28/06/2018,991001000620473,Tilden,Male,Adult,C,1,C1,5.4,129,134.4
01/07/2018,991001000620535,Tsurenko,Female,Adult,C,1,C1,5.4,142,147.4
03/02/2019,991001000620539,Charmander,Male,Adult,C,1,C1,5.4,113,118.4
20/06/2019,991001000620539,Charmander,Male,Adult,B,1,B1,4.9,63.5,68.4
05/06/2018,991001000620541,Altaria,Female,Adult,D,1,D1,5.7,110,115.7
11/07/2018,991001000620544,Gruyere,Male,Adult,C,1,C1,5.4,69.5,74.9
02/09/2018,991001000620547,Yaroslavna,Female,Adult,F,1,F1,5.5,67.5,73.0
09/07/2018,991001000620548,Coolea,Female,Adult,B,1,B1,4.9,107,111.9
15/09/2018,991001000620548,Coolea,Female,Adult,D,1,D1,5.7,44.5,50.2
27/06/2018,991001000620601,Qiang,Female,Adult,D,1,D1,5.7,92,97.7
28/06/2018,991001000620603,Kuerten,Male,Adult,E,1,E1,5.5,91.5,97.0
28/06/2018,991001000620608,Errani,Female,Adult,F,1,F1,5.5,134.5,140.0
01/07/2018,991001000620609,Cilic,Male,Adult,B,1,B1,4.9,88,92.9
24/09/2018,991001000620641,Okul,Male,Adult,D,1,D1,5.7,96,101.7
29/09/2018,991001000620642,Verbena,Female,Adult,D,1,D1,5.7,91.5,97.2
04/02/2019,991001000620647,Despina,Female,Adult,D,1,D1,5.7,131,136.7
04/06/2018,991001000620681,Kickapoo,Male,Adult,B,1,B1,4.9,107,111.9
04/06/2018,991001000620688,Niagara,Female,Adult,E,1,E1,5.5,126,131.5
14/09/2018,991001000620688,Niagara,Female,Adult,C,1,C1,5.4,129,134.4
11/09/2018,991001000620689,Alverca,Female,Adult,C,1,C1,5.4,106,111.4
07/07/2018,991001000620690,Werleigh,Female,Adult,F,1,F1,5.5,79,84.5
11/09/2018,991001000620690,Werleigh,Female,Adult,F,1,F1,5.5,56.5,62.0
11/06/2019,991001000620690,Werleigh,Female,Adult,C,1,C1,5.4,42,47.4
18/09/2018,991001000620703,Tanana,Female,Adult,D,1,D1,5.7,141,146.7
14/09/2018,991001000620705,Volga,Female,Adult,D,1,D1,5.7,89.5,95.2
04/06/2018,991001000620708,Orinoco,Male,Adult,E,1,E1,5.5,118,123.5
15/09/2018,991001000620708,Orinoco,Male,Adult,C,1,C1,5.4,123,128.4
26/06/2019,991001000620708,Orinoco,Male,Adult,C,1,C1,5.4,80,85.4
01/07/2018,991001000620721,Bartoli,Female,Adult,C,1,C1,5.4,127,132.4
30/06/2018,991001000620723,Rafter,Male,Adult,C,1,C1,5.4,57,62.4
01/07/2018,991001000620729,Pennetta,Female,Adult,B,1,B1,4.9,96.5,101.4
27/06/2018,991001000620738,Ashe,Male,Adult,D,1,D1,5.7,99.5,105.2
18/09/2018,991001000620775,Ranelva,Female,Adult,E,1,E1,5.5,113.5,119.0
25/06/2019,991001000620775,Ranelva,Female,Adult,B,1,B1,4.9,109,113.9
08/06/2018,991001000620777,Nile,Male,Adult,D,1,D1,5.7,67,72.7
16/09/2018,991001000620778,Liffey,Male,Adult,C,1,C1,5.4,135,140.4
09/05/2019,991001000621045,Isabirra,Female,Adult,C,1,C1,5.4,86,91.4
04/02/2019,991001000621049,Polaris,Male,Adult,D,1,D1,5.7,110,115.7
09/07/2018,991001000621050,Kashkaval,Male,Adult,C,1,C1,5.4,111.5,116.9
15/09/2018,991001000621050,Kashkaval,Male,Adult,D,1,D1,5.7,105,110.7
22/09/2018,991001000622547,Wei,Female,Adult,D,1,D1,5.7,138.5,144.2
04/02/2019,991001000622547,Wei,Female,Adult,D,1,D1,5.7,87,92.7
16/06/2019,991001000622547,Wei,Female,Adult,E,1,E1,5.5,130.5,136.0
02/08/2018,991001000622549,Xerouba,Female,Adult,E,1,E1,5.5,83,88.5
22/09/2018,991001000622549,Xerouba,Female,Adult,D,1,D1,5.7,120.5,126.2
04/02/2019,991001000622549,Xerouba,Female,Adult,E,1,E1,5.5,105.5,111.0
16/06/2019,991001000622549,Xerouba,Female,Adult,D,1,D1,5.7,91,96.7
18/06/2019,991001000622550,Kajam,Male,Adult,B,1,B1,4.9,64.5,69.4
18/05/2018,991001000622745,Becker,Male,Adult,E,1,E1,5.5,141.5,147.0
04/06/2018,991001001113317,Biafra,Female,Yearling,E,1,E1,5.5,121,126.5
16/09/2018,991001001113317,Biafra,Female,Yearling,C,1,C1,5.4,123.5,128.9
25/11/2018,991001001113317,Biafra,Female,Yearling,E,1,E1,5.5,94,99.5
28/06/2019,991001001113317,Biafra,Female,Adult,C,1,C1,5.4,133,138.4
03/06/2018,991001001113318,Aqaba,Female,Yearling,D,1,D1,5.7,134,139.7
28/06/2018,991001001113320,Yegorova,Female,Yearling,C,1,C1,5.4,130,135.4
28/06/2018,991001001113321,Witt,Female,Yearling,C,1,C1,5.4,126.5,131.9
27/06/2018,991001001113322,Boitano,Male,Yearling,B,1,B1,4.9,152.5,157.4
24/05/2018,991001001113323,Volinka,Female,Adult,B,1,B1,4.9,123,127.9
26/05/2018,991001001113324,Zurna,Female,Adult,C,1,C1,5.4,105.5,110.9
25/05/2018,991001001113325,Xylorimba,Female,Yearling,C,1,C1,5.4,128.5,133.9
26/05/2018,991001001113326,Bongo,Female,Yearling,C,1,C1,5.4,142,147.4
21/05/2018,991001001113337,Zhaleika,Female,Yearling,D,1,D1,5.7,95.5,101.2
21/05/2018,991001001113338,Robero,Male,Yearling,D,1,D1,5.7,138.5,144.2
21/05/2018,991001001113339,Tabla,Female,Adult,C,1,C1,5.4,86.5,91.9
22/05/2018,991001001113340,Biwa,Female,Adult,B,1,B1,4.9,116,120.9
22/05/2018,991001001113341,Theorbo,Male,Adult,C,1,C1,5.4,91.5,96.9
22/05/2018,991001001113342,Dotara,Female,Adult,E,1,E1,5.5,81.5,87.0
22/05/2018,991001001113343,Flauta,Female,Adult,B,1,B1,4.9,132.5,137.4
22/05/2018,991001001113344,Venu,Male,Yearling,C,1,C1,5.4,134,139.4
22/05/2018,991001001113345,Horagai,Female,Yearling,C,1,C1,5.4,104,109.4
20/05/2018,991001001113346,Rhaita,Female,Yearling,C,1,C1,5.4,124,129.4
20/05/2018,991001001113349,Lirone,Male,Yearling,D,1,D1,5.7,114,119.7
05/10/2018,991001001113350,Quandong,Male,Yearling,E,1,E1,5.5,39,44.5
27/05/2019,991001001113350,Quandong,Male,Adult,B,1,B1,4.9,107,111.9
10/09/2018,991001001113351,Manzarilla,Female,Yearling,C,1,C1,5.4,115.5,120.9
03/10/2018,991001001113352,Sorrel,Male,Yearling,C,1,C1,5.4,142.5,147.9
30/09/2018,991001001113354,Ramin,Male,Yearling,D,1,D1,5.7,136,141.7
10/08/2018,991001001113708,Alonnah,Male,Adult,D,1,D1,5.7,81,86.7
08/08/2018,991001001113710,Yakus,Male,Yearling,D,1,D1,5.7,107,112.7
27/04/2019,991001001113710,Yakus,Male,Adult,E,1,E1,5.5,133,138.5
28/04/2019,991001001113714,Xochimilco,Male,Adult,F,1,F1,5.5,58,63.5
09/08/2018,991001001113716,Queraba,Female,Adult,C,1,C1,5.4,73,78.4
30/09/2018,991001001113879,Nerium,Male,Yearling,E,1,E1,5.5,68,73.5
30/09/2018,991001001113882,Juglans,Male,Yearling,E,1,E1,5.5,28.5,34.0
28/05/2019,991001001113882,Juglans,Male,Adult,E,1,E1,5.5,108,113.5
30/09/2018,991001001113883,Holly,Female,Yearling,E,1,E1,5.5,54,59.5
01/10/2018,991001001113884,Mango,Male,Yearling,F,1,F1,5.5,56.5,62.0
12/05/2019,991001001113885,Kapok,Male,Adult,B,1,B1,4.9,52,56.9
29/09/2018,991001001113886,Ironwood,Male,Yearling,E,1,E1,5.5,51,56.5
25/09/2018,991001001113936,Veritate,Male,Yearling,E,1,E1,5.5,48,53.5
02/09/2018,991001001113957,Dratini,Female,Adult,C,1,C1,5.4,125,130.4
03/08/2018,991001001113959,Flygon,Male,Yearling,C,1,C1,5.4,115.5,120.9
17/05/2019,991001001113959,Flygon,Male,Adult,F,1,F1,5.5,87,92.5
29/06/2018,991001001113990,Dawes,Female,Yearling,F,1,F1,5.5,49,54.5
29/06/2018,991001001113991,Ruolin,Male,Adult,E,1,E1,5.5,54,59.5
01/07/2018,991001001114009,Rodnina,Female,Adult,B,1,B1,4.9,78.5,83.4
26/06/2018,991001001114014,Pechstein,Female,Adult,D,1,D1,5.7,67,72.7
01/09/2018,991001001114028,Bellsprout,Female,Yearling,F,1,F1,5.5,65.5,71.0
21/05/2019,991001001114028,Bellsprout,Female,Adult,D,1,D1,5.7,135,140.7
31/08/2018,991001001114030,Celebi,Female,Yearling,F,1,F1,5.5,52.5,58.0
17/05/2019,991001001114030,Celebi,Female,Adult,D,1,D1,5.7,135,140.7
12/08/2018,991001001114032,Zug,Male,Yearling,F,1,F1,5.5,74,79.5
09/06/2018,991001001114035,Diglett,Male,Yearling,D,1,D1,5.7,119,124.7
27/06/2018,991001001114039,Bonaly,Female,Adult,C,1,C1,5.4,59,64.4
27/06/2018,991001001114044,Yzaga,Male,Adult,B,1,B1,4.9,65.5,70.4
19/05/2018,991001001114087,Marimba,Female,Yearling,D,1,D1,5.7,148,153.7
19/05/2018,991001001114088,Mizmar,Male,Adult,D,1,D1,5.7,123,128.7
18/05/2018,991001001114089,Candombe,Male,Adult,A,1,A1,3.7,100,103.7
19/05/2018,991001001114091,Kanjira,Female,Adult,D,1,D1,5.7,104,109.7
18/05/2018,991001001114092,Euphonium,Male,Yearling,E,1,E1,5.5,135,140.5
18/05/2018,991001001114093,Gaida,Female,Adult,B,1,B1,4.9,128,132.9
19/05/2018,991001001114094,Inci,Male,Adult,B,1,B1,4.9,73.5,78.4
19/05/2018,991001001114096,Kazoo,Male,Adult,D,1,D1,5.7,36,41.7
18/05/2018,991001001114107,Balaban,Male,Adult,C,1,C1,5.4,109.5,114.9
18/05/2018,991001001114108,Fujara,Female,Yearling,E,1,E1,5.5,127.5,133.0
18/05/2018,991001001114109,Hurdy Gurdy,Female,Adult,D,1,D1,5.7,120,125.7
19/05/2018,991001001114110,Flageolet,Male,Adult,E,1,E1,5.5,113,118.5
19/05/2018,991001001114111,Piwancha,Female,Adult,D,1,D1,5.7,118,123.7
19/05/2018,991001001114112,Hautboy,Male,Adult,C,1,C1,5.4,70,75.4
18/05/2018,991001001114113,Jorana,Female,Yearling,F,1,F1,5.5,132,137.5
19/05/2018,991001001114114,Didgeridoo,Male,Adult,D,1,D1,5.7,138.5,144.2
19/05/2018,991001001114115,Lokanga,Female,Adult,C,1,C1,5.4,113,118.4
19/05/2018,991001001114116,Naqara,Female,Yearling,E,1,E1,5.5,127.5,133.0
18/05/2018,991001001114137,Conga,Female,Yearling,F,1,F1,5.5,135,140.5
18/05/2018,991001001114139,Apinti,Male,Yearling,F,1,F1,5.5,132.5,138.0
23/05/2018,991001001114140,Quinticlave,Female,Adult,C,1,C1,5.4,109,114.4
23/05/2018,991001001114141,Setar,Male,Yearling,D,1,D1,5.7,130,135.7
21/05/2018,991001001114143,Kora,Female,Adult,B,1,B1,4.9,108,112.9
18/05/2018,991001001114144,Balalaika,Female,Adult,F,1,F1,5.5,90.5,96.0
18/05/2018,991001001114145,Agida,Female,Adult,E,1,E1,5.5,143,148.5
21/05/2018,991001001114146,Yotar,Male,Adult,C,1,C1,5.4,74,79.4
02/07/2018,991001001114147,Guo,Female,Yearling,D,1,D1,5.7,123,128.7
20/05/2018,991001001114148,Janggo,Male,Adult,D,1,D1,5.7,122,127.7
23/05/2018,991001001114149,Serunai,Female,Adult,E,1,E1,5.5,119,124.5
19/08/2018,991001001114150,Bajimba,Female,Yearling,E,1,E1,5.5,55,60.5
07/05/2019,991001001114150,Bajimba,Female,Adult,D,1,D1,5.7,95.5,101.2
01/05/2019,991001001114154,Tahoe,Male,Adult,B,1,B1,4.9,106,110.9
23/05/2018,991001001114155,Urutu,Male,Adult,E,1,E1,5.5,130.5,136.0
11/08/2018,991001001114156,Uvs,Male,Yearling,F,1,F1,5.5,65,70.5
21/05/2018,991001001114177,Qanun,Male,Adult,C,1,C1,5.4,78,83.4
21/05/2018,991001001114178,Washint,Male,Adult,C,1,C1,5.4,100,105.4
21/05/2018,991001001114179,Vuvuzela,Female,Adult,C,1,C1,5.4,43.5,48.9
21/05/2018,991001001114180,Nguru,Male,Adult,B,1,B1,4.9,152,156.9
21/05/2018,991001001114181,Chabrette,Female,Yearling,D,1,D1,5.7,132.5,138.2
21/05/2018,991001001114182,Erxian,Female,Adult,E,1,E1,5.5,75,80.5
21/05/2018,991001001114183,Gusli,Female,Yearling,D,1,D1,5.7,103,108.7
21/05/2018,991001001114184,Piccolo,Male,Adult,D,1,D1,5.7,133.5,139.2
21/05/2018,991001001114185,Udu,Male,Adult,B,1,B1,4.9,103,107.9
21/05/2018,991001001114186,Xenorphica,Female,Yearling,D,1,D1,5.7,126,131.7
02/10/2018,991001001114302,Casuarina,Female,Adult,E,1,E1,5.5,124.5,130.0
20/05/2018,991001001114307,Yazheng,Female,Adult,D,1,D1,5.7,122.5,128.2
20/05/2018,991001001114308,Sackbut,Male,Adult,C,1,C1,5.4,51,56.4
20/05/2018,991001001114309,Whamola,Female,Yearling,F,1,F1,5.5,120,125.5
20/05/2018,991001001114310,Arpa,Female,Adult,E,1,E1,5.5,96,101.5
19/05/2018,991001001114311,Quena,Female,Adult,C,1,C1,5.4,111,116.4
19/05/2018,991001001114312,Ocarina,Female,Yearling,E,1,E1,5.5,93,98.5
20/05/2018,991001001114313,Qeej,Male,Adult,C,1,C1,5.4,46,51.4
20/05/2018,991001001114314,Oboe,Male,Adult,C,1,C1,5.4,101,106.4
19/05/2018,991001001114315,Saxtuba,Female,Adult,E,1,E1,5.5,137,142.5
20/05/2018,991001001114316,Ukelele,Female,Adult,E,1,E1,5.5,116.5,122.0
03/10/2018,991001001625601,Xylomelum,Male,Yearling,D,1,D1,5.7,50.5,56.2
04/10/2018,991001001625603,Yew,Male,Yearling,C,1,C1,5.4,98,103.4
03/10/2018,991001001625604,Quira,Female,Adult,C,1,C1,5.4,56,61.4
02/10/2018,991001001625605,Papaya,Female,Yearling,C,1,C1,5.4,81.5,86.9
02/10/2018,991001001625606,Wattle,Male,Yearling,F,1,F1,5.5,77,82.5
30/05/2019,991001001625606,Wattle,Male,Adult,D,1,D1,5.7,42,47.7
13/09/2018,991001001625607,Imbe,Male,Yearling,D,1,D1,5.7,138.5,144.2
04/10/2018,991001001625608,Raffia,Female,Yearling,F,1,F1,5.5,69,74.5
26/05/2019,991001001625608,Raffia,Female,Adult,C,1,C1,5.4,139.5,144.9
11/06/2019,991001001625609,Xocotl,Male,Yearling,D,1,D1,5.7,126,131.7
14/09/2018,991001001625610,Jaffna,Female,Yearling,D,1,D1,5.7,138,143.7
08/08/2018,991001001625611,Bicheno,Male,Yearling,B,1,B1,4.9,144,148.9
14/09/2018,991001001625612,Jujube,Male,Yearling,E,1,E1,5.5,128.5,134.0
04/08/2018,991001001625613,Cabrilla,Female,Adult,E,1,E1,5.5,60.5,66.0
26/09/2018,991001001625613,Cabrilla,Female,Adult,D,1,D1,5.7,68,73.7
09/02/2019,991001001625613,Cabrilla,Female,Adult,D,1,D1,5.7,25,30.7
11/08/2018,991001001625614,Hellyer,Male,Adult,D,1,D1,5.7,104.5,110.2
01/05/2019,991001001625614,Hellyer,Male,Adult,B,1,B1,4.9,138,142.9
08/08/2018,991001001625616,Volta,Female,Yearling,F,1,F1,5.5,69,74.5
26/04/2019,991001001625616,Volta,Female,Adult,D,1,D1,5.7,122,127.7
08/08/2018,991001001625617,Urmia,Female,Yearling,F,1,F1,5.5,56.5,62.0
04/08/2018,991001001625618,Orion,Male,Adult,C,1,C1,5.4,135,140.4
08/08/2018,991001001625619,Cooee,Male,Yearling,C,1,C1,5.4,119.5,124.9
08/08/2018,991001001625620,Dunalley,Male,Yearling,C,1,C1,5.4,131,136.4
28/04/2019,991001001625620,Dunalley,Male,Adult,D,1,D1,5.7,122,127.7
07/06/2019,991001001625631,Oroblanco,Male,Yearling,E,1,E1,5.5,120,125.5
11/05/2019,991001001625633,Levanna,Female,Yearling,E,1,E1,5.5,124,129.5
06/06/2019,991001001625635,Mangosteen,Male,Yearling,E,1,E1,5.5,122.5,128.0
05/06/2019,991001001625636,Lychee,Male,Yearling,C,1,C1,5.4,99.5,104.9
06/06/2019,991001001625637,Fireberry,Female,Yearling,D,1,D1,5.7,107,112.7
02/05/2019,991001001625638,Pyengana,Male,Adult,D,1,D1,5.7,122,127.7
06/05/2019,991001001625639,Etna,Female,Yearling,D,1,D1,5.7,121,126.7
06/05/2019,991001001625640,Fujiyama,Female,Yearling,D,1,D1,5.7,99,104.7
01/09/2018,991001001625641,Hitmonlee,Male,Yearling,C,1,C1,5.4,108.5,113.9
03/09/2018,991001001625642,Jirachi,Male,Yearling,C,1,C1,5.4,138.5,143.9
04/09/2018,991001001625643,Jigglypuff,Female,Yearling,F,1,F1,5.5,65,70.5
03/09/2018,991001001625644,Inkay,Female,Yearling,D,1,D1,5.7,140.5,146.2
01/09/2018,991001001625646,Goldeen,Female,Yearling,B,1,B1,4.9,139,143.9
21/05/2019,991001001625646,Goldeen,Female,Adult,E,1,E1,5.5,131.5,137.0
01/09/2018,991001001625647,Floette,Female,Yearling,C,1,C1,5.4,147.5,152.9
01/09/2018,991001001625648,Emolga,Female,Yearling,C,1,C1,5.4,118,123.4
01/09/2018,991001001625649,Hoppip,Female,Yearling,D,1,D1,5.7,150.5,156.2
20/05/2019,991001001625649,Hoppip,Female,Adult,D,1,D1,5.7,127.5,133.2
02/09/2018,991001001625650,Incineroar,Male,Yearling,D,1,D1,5.7,137,142.7
19/05/2019,991001001625650,Incineroar,Male,Adult,D,1,D1,5.7,47.5,53.2
16/06/2019,991001001625661,Ukdah,Female,Yearling,D,1,D1,5.7,91.5,97.2
10/06/2019,991001001625662,Vitex,Male,Yearling,D,1,D1,5.7,132,137.7
15/06/2019,991001001625663,Gabbar,Male,Yearling,E,1,E1,5.5,142,147.5
15/06/2019,991001001625664,Faramir,Male,Adult,C,1,C1,5.4,97,102.4
17/06/2019,991001001625665,Vacca,Female,Yearling,D,1,D1,5.7,113,118.7
15/06/2019,991001001625666,Elthor,Male,Yearling,E,1,E1,5.5,141.5,147.0
15/06/2019,991001001625667,Taygeta,Female,Yearling,D,1,D1,5.7,122.5,128.2
21/06/2019,991001001625668,Adhara,Female,Yearling,E,1,E1,5.5,92,97.5
10/06/2019,991001001625669,Jabuitcaba,Female,Yearling,C,1,C1,5.4,113,118.4
15/06/2019,991001001625670,Shaula,Female,Yearling,E,1,E1,5.5,89.5,95.0
30/06/2018,991001001625671,Faxe,Female,Yearling,E,1,E1,5.5,120.5,126.0
01/07/2018,991001001625672,Leffe,Female,Yearling,E,1,E1,5.5,123.5,129.0
01/07/2018,991001001625673,Niska,Female,Yearling,C,1,C1,5.4,115,120.4
29/07/2018,991001001625675,Risha,Female,Yearling,C,1,C1,5.4,141,146.4
23/09/2018,991001001625675,Risha,Female,Yearling,D,1,D1,5.7,67.5,73.2
19/06/2019,991001001625675,Risha,Female,Adult,F,1,F1,5.5,54.5,60.0
29/07/2018,991001001625676,Quintilla,Female,Yearling,D,1,D1,5.7,62.5,68.2
19/07/2018,991001001625677,Gienah,Male,Adult,B,1,B1,4.9,140.5,145.4
23/09/2018,991001001625677,Gienah,Male,Adult,D,1,D1,5.7,99,104.7
29/07/2018,991001001625678,Okda,Female,Yearling,D,1,D1,5.7,133,138.7
29/07/2018,991001001625679,Pyxidis,Female,Yearling,D,1,D1,5.7,125,130.7
24/09/2018,991001001625679,Pyxidis,Female,Yearling,E,1,E1,5.5,63.5,69.0
29/07/2018,991001001625680,Sagitta,Female,Yearling,B,1,B1,4.9,108,112.9
18/06/2019,991001001625680,Sagitta,Female,Adult,E,1,E1,5.5,90,95.5
26/04/2019,991001001625711,Judbury,Male,Adult,C,1,C1,5.4,101,106.4
26/04/2019,991001001625712,Kelso,Male,Yearling,C,1,C1,5.4,108,113.4
14/08/2019,991001001625712,Kelso,Male,Yearling,C,1,C1,5.4,101.5,106.9
27/05/2019,991001001625713,Sequoia,Female,Yearling,C,1,C1,5.4,134.5,139.9
29/04/2019,991001001625714,Avoca,Female,Yearling,D,1,D1,5.7,47,52.7
12/08/2019,991001001625714,Avoca,Female,Yearling,B,1,B1,4.9,87.5,92.4
29/04/2019,991001001625715,Natone,Male,Yearling,D,1,D1,5.7,134,139.7
15/08/2019,991001001625715,Natone,Male,Yearling,B,1,B1,4.9,37,41.9
16/05/2019,991001001625716,Kakuna,Female,Yearling,E,1,E1,5.5,86.5,92.0
16/05/2019,991001001625717,Koffing,Male,Yearling,D,1,D1,5.7,141.5,147.2
06/05/2019,991001001625718,Gangapurna,Female,Yearling,D,1,D1,5.7,133,138.7
26/06/2018,991001001625771,Quarrie,Male,Yearling,C,1,C1,5.4,145.5,150.9
27/06/2018,991001001625772,Onodi,Female,Adult,C,1,C1,5.4,102,107.4
27/06/2018,991001001625774,Korbut,Female,Yearling,B,1,B1,4.9,142.5,147.4
26/06/2018,991001001625775,Zaitsev,Male,Adult,B,1,B1,4.9,45.5,50.4
26/06/2018,991001001625777,Spitz,Male,Yearling,C,1,C1,5.4,116,121.4
26/06/2018,991001001625778,Xiaopeng,Male,Yearling,C,1,C1,5.4,136.5,141.9
27/06/2018,991001001625779,Mustafina,Female,Yearling,C,1,C1,5.4,104.5,109.9
26/06/2018,991001001625780,Izbasa,Female,Yearling,B,1,B1,4.9,150.5,155.4
03/08/2018,991001001625791,Yrsa,Female,Yearling,D,1,D1,5.7,148,153.7
22/09/2018,991001001625791,Yrsa,Female,Yearling,D,1,D1,5.7,137,142.7
04/08/2018,991001001625792,Burska,Female,Yearling,D,1,D1,5.7,107,112.7
04/08/2018,991001001625793,Ardima,Female,Adult,B,1,B1,4.9,84,88.9
01/08/2018,991001001625794,Wisibada,Female,Yearling,D,1,D1,5.7,127,132.7
24/09/2018,991001001625794,Wisibada,Female,Yearling,D,1,D1,5.7,107,112.7
07/02/2019,991001001625794,Wisibada,Female,Yearling,D,1,D1,5.7,84.5,90.2
01/08/2018,991001001625795,Iapetus,Male,Yearling,C,1,C1,5.4,151,156.4
03/08/2018,991001001625796,Zavijava,Female,Yearling,D,1,D1,5.7,135,140.7
24/09/2018,991001001625796,Zavijava,Female,Yearling,C,1,C1,5.4,77,82.4
04/08/2018,991001001625797,Narvi,Male,Yearling,C,1,C1,5.4,130,135.4
21/09/2018,991001001625797,Narvi,Male,Yearling,E,1,E1,5.5,55.5,61.0
18/06/2019,991001001625797,Narvi,Male,Adult,D,1,D1,5.7,84.5,90.2
02/08/2018,991001001625798,Mirfak,Male,Yearling,F,1,F1,5.5,61,66.5
09/08/2018,991001001625799,Exton,Male,Yearling,D,1,D1,5.7,106,111.7
03/08/2018,991001001625800,Xengara,Female,Adult,C,1,C1,5.4,136,141.4
09/06/2019,991001001625811,Honeydew,Female,Yearling,C,1,C1,5.4,123,128.4
08/06/2019,991001001625812,Guanabana,Female,Yearling,D,1,D1,5.7,121,126.7
09/06/2019,991001001625813,Ilama,Female,Yearling,C,1,C1,5.4,119.5,124.9
09/06/2019,991001001625814,Tamarillo,Male,Yearling,E,1,E1,5.5,122,127.5
10/06/2019,991001001625815,Ugni,Male,Yearling,C,1,C1,5.4,132,137.4
08/06/2019,991001001625816,Rambutan,Male,Yearling,C,1,C1,5.4,133,138.4
08/06/2019,991001001625817,Pepino,Male,Yearling,D,1,D1,5.7,139.5,145.2
08/06/2019,991001001625819,Quamash,Male,Yearling,D,1,D1,5.7,129,134.7
26/06/2018,991001001625851,Chand,Male,Yearling,C,1,C1,5.4,149.5,154.9
26/06/2018,991001001625853,Hamill,Female,Yearling,C,1,C1,5.4,115,120.4
27/05/2018,991001001625855,Paixiao,Male,Adult,B,1,B1,4.9,116,120.9
26/06/2018,991001001625856,Usain,Male,Yearling,B,1,B1,4.9,98,102.9
27/05/2018,991001001625857,Taphon,Male,Yearling,D,1,D1,5.7,120.5,126.2
27/05/2018,991001001625858,Dulcimer,Female,Adult,C,1,C1,5.4,114,119.4
07/06/2018,991001001625859,Vaupes,Male,Yearling,D,1,D1,5.7,116,121.7
08/06/2018,991001001625860,Guanabara,Female,Adult,D,1,D1,5.7,136,141.7
19/09/2018,991001001625860,Guanabara,Female,Adult,E,1,E1,5.5,118,123.5
26/06/2018,991001001625862,Weissmuller,Male,Yearling,A,1,A1,3.7,20.5,24.2
24/05/2018,991001001625863,Banjo,Male,Adult,E,1,E1,5.5,88,93.5
26/06/2018,991001001625864,Janic,Female,Yearling,D,1,D1,5.7,87.5,93.2
27/06/2018,991001001625865,Picabo,Female,Yearling,C,1,C1,5.4,112.5,117.9
26/06/2018,991001001625866,Yagudin,Male,Yearling,A,1,A1,3.7,91.5,95.2
27/06/2018,991001001625867,Novikova,Female,Yearling,C,1,C1,5.4,130.5,135.9
26/06/2018,991001001625868,Lipa,Female,Yearling,C,1,C1,5.4,119,124.4
26/06/2018,991001001625869,Aamodt,Male,Yearling,C,1,C1,5.4,147.5,152.9
07/07/2018,991001001625871,Lunetta,Female,Yearling,D,1,D1,5.7,148.5,154.2
07/07/2018,991001001625872,Pecorino,Male,Yearling,D,1,D1,5.7,125,130.7
12/09/2018,991001001625872,Pecorino,Male,Yearling,F,1,F1,5.5,41.5,47.0
07/05/2019,991001001625872,Pecorino,Male,Adult,D,1,D1,5.7,71.5,77.2
07/07/2018,991001001625873,Oazis,Male,Yearling,D,1,D1,5.7,101,106.7
11/09/2018,991001001625873,Oazis,Male,Yearling,E,1,E1,5.5,63,68.5
06/05/2019,991001001625873,Oazis,Male,Adult,D,1,D1,5.7,44.5,50.2
07/07/2018,991001001625874,Mozzarella,Female,Yearling,E,1,E1,5.5,53.5,59.0
10/09/2018,991001001625874,Mozzarella,Female,Yearling,F,1,F1,5.5,78,83.5
08/06/2019,991001001625874,Mozzarella,Female,Adult,E,1,E1,5.5,58,63.5
30/06/2018,991001001625875,Olvi,Female,Yearling,D,1,D1,5.7,125.5,131.2
30/06/2018,991001001625876,Moretti,Female,Adult,C,1,C1,5.4,151,156.4
08/07/2018,991001001625877,Ormea,Female,Yearling,C,1,C1,5.4,111,116.4
08/07/2018,991001001625878,Nisa,Female,Yearling,C,1,C1,5.4,122.5,127.9
11/09/2018,991001001625878,Nisa,Female,Yearling,F,1,F1,5.5,68,73.5
08/07/2018,991001001625879,Sulguni,Male,Yearling,C,1,C1,5.4,94.5,99.9
02/07/2018,991001001625880,Abita,Female,Adult,E,1,E1,5.5,41,46.5
26/05/2019,991001001625881,Zanthoxylum,Male,Yearling,C,1,C1,5.4,132,137.4
17/05/2019,991001001625882,Meowth,Male,Yearling,C,1,C1,5.4,124,129.4
26/05/2019,991001001625883,Bogart,Male,Adult,E,1,E1,5.5,101.5,107.0
21/05/2019,991001001625884,Mew,Female,Yearling,C,1,C1,5.4,134,139.4
20/05/2019,991001001625885,Numel,Male,Yearling,D,1,D1,5.7,143,148.7
26/05/2019,991001001625886,Astaire,Male,Yearling,D,1,D1,5.7,113.5,119.2
11/05/2019,991001001625887,Ngauruhoe,Male,Yearling,C,1,C1,5.4,137,142.4
16/05/2019,991001001625889,Luxray,Male,Yearling,D,1,D1,5.7,134.5,140.2
09/05/2019,991001001625890,Matterhorn,Male,Yearling,D,1,D1,5.7,126,131.7
13/07/2018,991001001626031,Wensleydale,Female,Yearling,C,1,C1,5.4,143,148.4
09/07/2018,991001001626032,Tilsit,Female,Yearling,D,1,D1,5.7,122,127.7
21/09/2018,991001001626032,Tilsit,Female,Yearling,F,1,F1,5.5,50.5,56.0
09/07/2018,991001001626033,Wagasi,Male,Adult,C,1,C1,5.4,132,137.4
05/10/2018,991001001626033,Wagasi,Male,Adult,B,1,B1,4.9,55,59.9
09/07/2018,991001001626034,Vacherin,Male,Yearling,C,1,C1,5.4,135,140.4
12/09/2018,991001001626034,Vacherin,Male,Yearling,A,1,A1,3.7,78.5,82.2
19/07/2018,991001001626035,Deimos,Male,Yearling,D,1,D1,5.7,130,135.7
25/09/2018,991001001626035,Deimos,Male,Yearling,C,1,C1,5.4,122,127.4
04/02/2019,991001001626035,Deimos,Male,Yearling,E,1,E1,5.5,109,114.5
09/07/2018,991001001626036,Sirene,Female,Yearling,C,1,C1,5.4,117,122.4
08/07/2018,991001001626037,Quagliata,Female,Yearling,C,1,C1,5.4,62,67.4
08/07/2018,991001001626038,Ubriaco,Male,Yearling,C,1,C1,5.4,130.5,135.9
12/09/2018,991001001626038,Ubriaco,Male,Yearling,E,1,E1,5.5,96.5,102.0
10/06/2019,991001001626038,Ubriaco,Male,Adult,D,1,D1,5.7,71,76.7
09/07/2018,991001001626039,Ricotta,Female,Yearling,D,1,D1,5.7,133,138.7
11/09/2018,991001001626039,Ricotta,Female,Yearling,C,1,C1,5.4,122,127.4
07/06/2019,991001001626039,Ricotta,Female,Adult,D,1,D1,5.7,132,137.7
19/07/2018,991001001626040,Eridanus,Male,Yearling,D,1,D1,5.7,126,131.7
21/09/2018,991001001626040,Eridanus,Male,Yearling,E,1,E1,5.5,105.5,111.0
15/06/2019,991001001626040,Eridanus,Male,Adult,E,1,E1,5.5,46,51.5
26/05/2018,991001001626061,Nadaswaram,Male,Yearling,C,1,C1,5.4,139,144.4
26/05/2018,991001001626062,Lambeg,Male,Adult,B,1,B1,4.9,64.5,69.4
26/05/2018,991001001626063,Flugelhorn,Male,Yearling,D,1,D1,5.7,138.5,144.2
26/05/2018,991001001626064,Hocchiku,Male,Adult,C,1,C1,5.4,81.5,86.9
26/05/2018,991001001626065,Jiaohu,Male,Adult,C,1,C1,5.4,36.5,41.9
09/06/2018,991001001626066,Istria,Female,Yearling,B,1,B1,4.9,118,122.9
30/06/2019,991001001626066,Istria,Female,Adult,E,1,E1,5.5,88.5,94.0
08/06/2018,991001001626067,Hauraki,Female,Yearling,C,1,C1,5.4,130,135.4
03/06/2018,991001001626068,Styx,Male,Yearling,D,1,D1,5.7,122.5,128.2
03/06/2018,991001001626069,Zulia,Female,Yearling,D,1,D1,5.7,124,129.7
14/09/2018,991001001626069,Zulia,Female,Yearling,E,1,E1,5.5,143,148.5
26/06/2019,991001001626069,Zulia,Female,Adult,C,1,C1,5.4,118,123.4
04/06/2018,991001001626091,Tiber,Male,Yearling,D,1,D1,5.7,125,130.7
15/09/2018,991001001626091,Tiber,Male,Yearling,D,1,D1,5.7,150.5,156.2
25/06/2019,991001001626091,Tiber,Male,Adult,D,1,D1,5.7,126,131.7
27/05/2018,991001001626093,Rajao,Male,Yearling,C,1,C1,5.4,125,130.4
06/06/2018,991001001626094,Euboea,Female,Yearling,C,1,C1,5.4,127,132.4
04/06/2018,991001001626096,Chesapeake,Female,Yearling,D,1,D1,5.7,118,123.7
15/09/2018,991001001626096,Chesapeake,Female,Yearling,D,1,D1,5.7,124.5,130.2
07/06/2018,991001001626097,Faxa,Female,Yearling,E,1,E1,5.5,116,121.5
19/09/2018,991001001626097,Faxa,Female,Yearling,B,1,B1,4.9,131,135.9
01/07/2019,991001001626097,Faxa,Female,Adult,D,1,D1,5.7,138.5,144.2
06/06/2018,991001001626098,Uruguay,Male,Yearling,C,1,C1,5.4,110,115.4
16/05/2019,991001001626098,Uruguay,Male,Adult,D,1,D1,5.7,116,121.7
27/05/2018,991001001626099,Veuze,Male,Yearling,C,1,C1,5.4,147,152.4
05/06/2018,991001001626100,Delmarva,Female,Yearling,C,1,C1,5.4,127,132.4
17/09/2018,991001001626100,Delmarva,Female,Yearling,C,1,C1,5.4,122,127.4
28/06/2019,991001001626100,Delmarva,Female,Adult,E,1,E1,5.5,132,137.5
25/06/2019,991001001626101,Xingu,Male,Yearling,D,1,D1,5.7,132,137.7
27/06/2019,991001001626103,Zambezi,Male,Yearling,D,1,D1,5.7,137.5,143.2
25/06/2019,991001001626104,Laconia,Female,Adult,D,1,D1,5.7,88,93.7
25/06/2019,991001001626106,Messenia,Female,Yearling,B,1,B1,4.9,113.5,118.4
27/06/2019,991001001626108,Pagasai,Female,Yearling,D,1,D1,5.7,140.5,146.2
26/06/2019,991001001626109,Yukon,Male,Yearling,D,1,D1,5.7,164,169.7
27/06/2019,991001001626110,Oshika,Female,Yearling,E,1,E1,5.5,129,134.5
25/06/2019,991001001626131,Nicoya,Female,Yearling,E,1,E1,5.5,109,114.5
17/06/2019,991001001626133,Wynocca,Female,Yearling,D,1,D1,5.7,123.5,129.2
15/08/2019,991001001626134,Van Diemen,Male,Yearling,B,1,B1,4.9,110,114.9
20/06/2019,991001001626135,Marfik,Male,Yearling,D,1,D1,5.7,117,122.7
20/06/2019,991001001626136,Yonghera,Female,Yearling,D,1,D1,5.7,136,141.7
20/06/2019,991001001626137,Zaniah,Female,Yearling,D,1,D1,5.7,147.5,153.2
17/06/2019,991001001626138,Jalorex,Male,Yearling,D,1,D1,5.7,120.5,126.2
19/06/2019,991001001626139,Xamidimura,Female,Yearling,D,1,D1,5.7,128,133.7
17/06/2019,991001001626140,Ixion,Male,Yearling,D,1,D1,5.7,133,138.7
19/09/2018,991001001626151,Kamchatka,Female,Yearling,C,1,C1,5.4,100.5,105.9
16/06/2019,991001001626154,Wezen,Male,Yearling,D,1,D1,5.7,110,115.7
17/06/2019,991001001626155,Lextra,Female,Yearling,E,1,E1,5.5,137.5,143.0
18/06/2019,991001001626157,Zaurak,Male,Yearling,D,1,D1,5.7,127,132.7
16/06/2019,991001001626158,Maia,Female,Yearling,E,1,E1,5.5,62,67.5
30/06/2018,991001001626172,Jinxing,Female,Yearling,D,1,D1,5.7,131,136.7
30/06/2018,991001001626173,Amstel,Male,Yearling,B,1,B1,4.9,121,125.9
30/06/2018,991001001626174,Hansa,Female,Yearling,E,1,E1,5.5,98,103.5
19/07/2018,991001001626175,Nix,Female,Yearling,C,1,C1,5.4,140,145.4
22/09/2018,991001001626175,Nix,Female,Yearling,D,1,D1,5.7,85,90.7
19/07/2018,991001001626177,Fornjot,Male,Yearling,C,1,C1,5.4,87,92.4
06/02/2019,991001001626177,Fornjot,Male,Yearling,D,1,D1,5.7,74,79.7
19/06/2019,991001001626177,Fornjot,Male,Adult,D,1,D1,5.7,111,116.7
30/06/2018,991001001626178,Yifter,Male,Yearling,E,1,E1,5.5,136,141.5
30/06/2018,991001001626179,Wiggins,Male,Yearling,D,1,D1,5.7,93,98.7
12/09/2018,991001001626181,Huckleberry,Male,Yearling,D,1,D1,5.7,125,130.7
19/08/2018,991001001626182,Denali,Female,Yearling,D,1,D1,5.7,122.5,128.2
11/09/2018,991001001626183,Apricot,Female,Yearling,F,1,F1,5.5,64.5,70.0
12/08/2018,991001001626186,Invermay,Male,Yearling,C,1,C1,5.4,141,146.4
18/08/2018,991001001626188,Irazu,Male,Yearling,D,1,D1,5.7,134.5,140.2
06/05/2019,991001001626188,Irazu,Male,Adult,B,1,B1,4.9,98.5,103.4
12/08/2018,991001001626189,Yalka,Female,Yearling,D,1,D1,5.7,61,66.7
27/04/2019,991001001626189,Yalka,Female,Adult,D,1,D1,5.7,126,131.7
19/08/2018,991001001626190,Chacaltaya,Female,Yearling,D,1,D1,5.7,83,88.7
12/05/2019,991001001626190,Chacaltaya,Female,Adult,C,1,C1,5.4,104,109.4
22/05/2018,991001001626232,Maraca,Female,Adult,E,1,E1,5.5,114,119.5
22/05/2018,991001001626233,Charango,Male,Adult,C,1,C1,5.4,110,115.4
22/05/2018,991001001626234,Glockenspiel,Male,Adult,D,1,D1,5.7,105.5,111.2
23/05/2018,991001001626235,Ophizleice,Female,Adult,D,1,D1,5.7,124,129.7
22/05/2018,991001001626236,Erhu,Male,Adult,D,1,D1,5.7,20,25.7
23/05/2018,991001001626237,Ipu,Male,Adult,D,1,D1,5.7,117,122.7
23/05/2018,991001001626238,Mandolin,Male,Adult,C,1,C1,5.4,84,89.4
23/05/2018,991001001626239,Octavin,Male,Adult,B,1,B1,4.9,86,90.9
23/05/2018,991001001626240,Kissar,Male,Yearling,C,1,C1,5.4,146.5,151.9
29/06/2018,991001001626262,Nemov,Male,Adult,E,1,E1,5.5,61,66.5
02/07/2018,991001001626263,Yenda,Female,Yearling,D,1,D1,5.7,153,158.7
29/06/2018,991001001626265,Corona,Female,Yearling,C,1,C1,5.4,133,138.4
29/06/2018,991001001626266,Innis,Female,Yearling,C,1,C1,5.4,156.5,161.9
29/06/2018,991001001626267,Gueuze,Female,Adult,D,1,D1,5.7,130.5,136.2
29/06/2018,991001001626269,Kvass,Female,Yearling,B,1,B1,4.9,131,135.9
29/06/2018,991001001626270,Efes,Female,Adult,B,1,B1,4.9,107.5,112.4
23/05/2018,991001001626291,Xalam,Male,Adult,D,1,D1,5.7,52.5,58.2
23/05/2018,991001001626292,Jinghu,Female,Adult,C,1,C1,5.4,105,110.4
23/05/2018,991001001626293,Leiqin,Female,Adult,D,1,D1,5.7,86,91.7
24/05/2018,991001001626294,Piva,Female,Adult,B,1,B1,4.9,43,47.9
24/05/2018,991001001626295,Zither,Male,Adult,D,1,D1,5.7,155,160.7
24/05/2018,991001001626296,Timpani,Female,Adult,B,1,B1,4.9,96,100.9
23/05/2018,991001001626297,Igil,Female,Adult,C,1,C1,5.4,99,104.4
24/05/2018,991001001626298,Ney,Female,Adult,C,1,C1,5.4,126,131.4
24/05/2018,991001001626300,Ryuteki,Female,Adult,E,1,E1,5.5,78,83.5
01/05/2019,991001001626301,Boobyalla,Female,Yearling,D,1,D1,5.7,126.5,132.2
30/04/2019,991001001626303,Orford,Male,Yearling,C,1,C1,5.4,119,124.4
08/05/2019,991001001626304,Lassen,Male,Adult,D,1,D1,5.7,96,101.7
08/05/2019,991001001626305,Krakatoa,Female,Yearling,F,1,F1,5.5,81.5,87.0
08/05/2019,991001001626306,Jungfrau,Female,Yearling,C,1,C1,5.4,123,128.4
06/05/2019,991001001626308,Kilimanjaro,Male,Yearling,D,1,D1,5.7,128,133.7
30/04/2019,991001001626309,Marrawah,Male,Yearling,C,1,C1,5.4,128,133.4
09/08/2019,991001001626309,Marrawah,Male,Yearling,D,1,D1,5.7,53,58.7
06/05/2019,991001001626310,Haleakala,Female,Adult,C,1,C1,5.4,105.5,110.9
29/06/2018,991001001626312,Desyatka,Female,Yearling,E,1,E1,5.5,98,103.5
28/06/2018,991001001626315,Kahanamoku,Male,Adult,D,1,D1,5.7,29,34.7
28/06/2018,991001001626318,Monti,Male,Yearling,C,1,C1,5.4,119,124.4
29/06/2018,991001001626319,Baltika,Female,Yearling,E,1,E1,5.5,124.5,130.0
29/06/2018,991001001626320,Zagitova,Female,Yearling,F,1,F1,5.5,112.5,118.0
18/07/2018,991001001626321,Bergelmir,Male,Yearling,D,1,D1,5.7,149,154.7
25/09/2018,991001001626321,Bergelmir,Male,Yearling,E,1,E1,5.5,116,121.5
18/07/2018,991001001626322,Yildon,Male,Yearling,B,1,B1,4.9,123,127.9
18/07/2018,991001001626323,Xoth,Male,Yearling,D,1,D1,5.7,123,128.7
21/09/2018,991001001626323,Xoth,Male,Yearling,D,1,D1,5.7,68.5,74.2
10/02/2019,991001001626323,Xoth,Male,Yearling,E,1,E1,5.5,71,76.5
15/06/2019,991001001626323,Xoth,Male,Adult,D,1,D1,5.7,81.5,87.2
18/07/2018,991001001626324,Kitalpha,Female,Yearling,B,1,B1,4.9,113.5,118.4
22/09/2018,991001001626324,Kitalpha,Female,Yearling,C,1,C1,5.4,83,88.4
18/07/2018,991001001626325,Meissa,Female,Yearling,D,1,D1,5.7,136.5,142.2
19/07/2018,991001001626326,Castor,Male,Yearling,E,1,E1,5.5,115,120.5
24/09/2018,991001001626326,Castor,Male,Yearling,D,1,D1,5.7,133,138.7
18/07/2018,991001001626327,Aldebaran,Male,Yearling,D,1,D1,5.7,121,126.7
18/07/2018,991001001626328,Lyra,Female,Yearling,E,1,E1,5.5,122,127.5
23/09/2018,991001001626328,Lyra,Female,Yearling,E,1,E1,5.5,24,29.5
18/07/2018,991001001626329,Zibal,Male,Adult,D,1,D1,5.7,38,43.7
27/06/2018,991001001626331,Fosbury,Male,Yearling,C,1,C1,5.4,135,140.4
27/06/2018,991001001626332,Smetanina,Female,Yearling,C,1,C1,5.4,130,135.4
28/06/2018,991001001626334,Hoy,Male,Adult,F,1,F1,5.5,42.5,48.0
28/06/2018,991001001626336,Usha,Female,Yearling,E,1,E1,5.5,100.5,106.0
28/06/2018,991001001626337,Jernberg,Male,Yearling,C,1,C1,5.4,131,136.4
02/07/2018,991001001626338,Boag,Male,Adult,F,1,F1,5.5,30.5,36.0
27/06/2018,991001001626340,Daehlie,Male,Yearling,B,1,B1,4.9,121,125.9
11/07/2018,991001001626341,Vezzena,Female,Yearling,B,1,B1,4.9,115,119.9
12/07/2018,991001001626342,Coconut,Male,Adult,D,1,D1,5.7,123,128.7
02/07/2018,991001001626343,Estrella,Female,Yearling,D,1,D1,5.7,104,109.7
13/07/2018,991001001626344,Damson,Male,Adult,D,1,D1,5.7,119,124.7
09/09/2018,991001001626344,Damson,Male,Adult,C,1,C1,5.4,44.5,49.9
10/07/2018,991001001626345,Xygalo,Male,Yearling,B,1,B1,4.9,121,125.9
13/09/2018,991001001626345,Xygalo,Male,Yearling,C,1,C1,5.4,47.5,52.9
02/07/2018,991001001626346,Chimay,Female,Yearling,C,1,C1,5.4,116,121.4
12/07/2018,991001001626347,Avocado,Male,Yearling,C,1,C1,5.4,74.5,79.9
13/09/2018,991001001626347,Avocado,Male,Yearling,F,1,F1,5.5,31,36.5
12/07/2018,991001001626348,Bokchoy,Male,Yearling,C,1,C1,5.4,132,137.4
02/10/2018,991001001626348,Bokchoy,Male,Yearling,D,1,D1,5.7,141.5,147.2
11/07/2018,991001001626349,Urda,Female,Adult,C,1,C1,5.4,129,134.4
10/07/2018,991001001626350,Yunnan,Male,Yearling,D,1,D1,5.7,127,132.7
10/05/2019,991001001626350,Yunnan,Male,Adult,D,1,D1,5.7,87.5,93.2
01/07/2018,991001001626371,Palvasalmi,Female,Yearling,D,1,D1,5.7,114,119.7
02/07/2018,991001001626372,Viza,Female,Yearling,D,1,D1,5.7,122,127.7
01/07/2018,991001001626373,Rignes,Female,Yearling,D,1,D1,5.7,70,75.7
01/07/2018,991001001626374,Carlsberg,Male,Adult,A,1,A1,3.7,118,121.7
29/06/2018,991001001626375,Shaklin,Male,Yearling,E,1,E1,5.5,129.5,135.0
02/07/2018,991001001626376,Tecate,Female,Yearling,B,1,B1,4.9,99,103.9
02/07/2018,991001001626377,Guinness,Male,Yearling,C,1,C1,5.4,145,150.4
02/07/2018,991001001626378,Erdinger,Male,Adult,B,1,B1,4.9,46.5,51.4
08/07/2018,991001001626379,Paneer,Female,Yearling,D,1,D1,5.7,116,121.7
13/09/2018,991001001626379,Paneer,Female,Yearling,F,1,F1,5.5,67.5,73.0
29/06/2018,991001001626380,Urzica,Male,Yearling,C,1,C1,5.4,68.5,73.9
24/05/2018,991001001626382,Xun,Male,Adult,E,1,E1,5.5,45.5,51.0
26/05/2018,991001001626383,Celesta,Female,Adult,F,1,F1,5.5,68.5,74.0
26/05/2018,991001001626384,Djembe,Male,Adult,D,1,D1,5.7,122,127.7
24/05/2018,991001001626385,Yehu,Male,Yearling,D,1,D1,5.7,129,134.7
25/05/2018,991001001626386,Alboka,Female,Adult,E,1,E1,5.5,79.5,85.0
24/05/2018,991001001626387,Walaycho,Male,Yearling,D,1,D1,5.7,142.5,148.2
24/05/2018,991001001626388,Waj,Female,Adult,D,1,D1,5.7,111.5,117.2
24/05/2018,991001001626389,Yangqin,Female,Adult,D,1,D1,5.7,123.5,129.2
24/05/2018,991001001626390,Ugal,Female,Yearling,D,1,D1,5.7,102,107.7
15/06/2019,991001001626431,Baalbo,Male,Yearling,E,1,E1,5.5,126,131.5
15/06/2019,991001001626433,Rana,Female,Yearling,C,1,C1,5.4,59.5,64.9
30/09/2018,991001001626434,Olea,Female,Yearling,E,1,E1,5.5,72.5,78.0
29/09/2018,991001001626435,Nutmeg,Female,Yearling,C,1,C1,5.4,109,114.4
01/10/2018,991001001626437,Vitex,Male,Yearling,E,1,E1,5.5,69.5,75.0
17/06/2019,991001001626438,Orthosie,Female,Yearling,D,1,D1,5.7,133.5,139.2
29/09/2018,991001001626439,Tipu,Male,Yearling,E,1,E1,5.5,122.5,128.0
01/06/2019,991001001626439,Tipu,Male,Adult,E,1,E1,5.5,127,132.5
29/04/2019,991001001626442,Zaysan,Female,Yearling,D,1,D1,5.7,98.5,104.2
29/04/2019,991001001626443,Leith,Male,Yearling,C,1,C1,5.4,132,137.4
01/06/2019,991001001626444,Day-Lewis,Male,Yearling,D,1,D1,5.7,134.5,140.2
18/05/2019,991001001626445,Lapras,Female,Yearling,E,1,E1,5.5,129,134.5
31/05/2019,991001001626446,Upas,Female,Adult,C,1,C1,5.4,129.5,134.9
28/05/2019,991001001626448,Titi,Female,Yearling,D,1,D1,5.7,118,123.7
14/08/2019,991001001626448,Titi,Female,Yearling,D,1,D1,5.7,131,136.7
05/06/2019,991001001626450,Doubah,Female,Yearling,E,1,E1,5.5,96.5,102.0
28/06/2018,991001001626471,Vonn,Female,Yearling,D,1,D1,5.7,121,126.7
28/06/2018,991001001626472,Icho,Male,Adult,F,1,F1,5.5,85,90.5
29/06/2018,991001001626473,Xiang,Female,Adult,C,1,C1,5.4,94.5,99.9
28/06/2018,991001001626476,Orser,Male,Adult,F,1,F1,5.5,52.5,58.0
27/06/2018,991001001626477,Ewry,Male,Yearling,E,1,E1,5.5,132,137.5
27/06/2018,991001001626478,Torbill,Female,Yearling,D,1,D1,5.7,114,119.7
27/06/2018,991001001626479,Retton,Female,Yearling,B,1,B1,4.9,94,98.9
27/06/2018,991001001626480,Gebrselassie,Male,Yearling,D,1,D1,5.7,147,152.7
10/09/2018,991001001626484,Zighera,Female,Yearling,F,1,F1,5.5,75.5,81.0
07/06/2019,991001001626484,Zighera,Female,Adult,C,1,C1,5.4,98.5,103.9
09/09/2018,991001001626485,Entawak,Male,Yearling,E,1,E1,5.5,33,38.5
10/09/2018,991001001626487,Gambooge,Male,Yearling,F,1,F1,5.5,52.5,58.0
07/06/2019,991001001626487,Gambooge,Female,Adult,D,1,D1,5.7,138.5,144.2
09/09/2018,991001001626488,Yarg,Female,Yearling,E,1,E1,5.5,50.5,56.0
16/09/2018,991001001626489,Willamette,Male,Yearling,D,1,D1,5.7,97.5,103.2
10/09/2018,991001001626490,Fig,Male,Yearling,E,1,E1,5.5,105.5,111.0
02/07/2018,991001001626491,Warka,Female,Yearling,B,1,B1,4.9,79,83.9
01/07/2018,991001001626492,Unazuki,Female,Yearling,B,1,B1,4.9,142,146.9
01/07/2018,991001001626493,Zatopek,Male,Adult,C,1,C1,5.4,143.5,148.9
01/07/2018,991001001626494,Stavka,Female,Adult,B,1,B1,4.9,108,112.9
30/06/2018,991001001626495,Pietri,Male,Adult,D,1,D1,5.7,78,83.7
30/06/2018,991001001626496,Quebrada,Female,Adult,C,1,C1,5.4,67,72.4
30/06/2018,991001001626497,Voronin,Male,Yearling,C,1,C1,5.4,145,150.4
30/06/2018,991001001626498,Redgrave,Male,Yearling,D,1,D1,5.7,146,151.7
30/06/2018,991001001626500,Tomba,Male,Yearling,C,1,C1,5.4,133,138.4
22/09/2018,991001001626501,Fuye,Female,Yearling,E,1,E1,5.5,49,54.5
15/09/2018,991001001626502,Boquila,Female,Yearling,E,1,E1,5.5,37.5,43.0
21/09/2018,991001001626503,Enif,Female,Yearling,F,1,F1,5.5,77,82.5
24/09/2018,991001001626504,Juvisia,Female,Yearling,B,1,B1,4.9,76,80.9
23/09/2018,991001001626505,Ilona,Female,Yearling,D,1,D1,5.7,84.5,90.2
23/09/2018,991001001626506,Heze,Female,Yearling,D,1,D1,5.7,58,63.7
22/09/2018,991001001626507,Gomeisa,Female,Yearling,B,1,B1,4.9,82.5,87.4
21/09/2018,991001001626508,Pollux,Male,Adult,D,1,D1,5.7,83.5,89.2
26/09/2018,991001001626541,Umbriel,Male,Yearling,B,1,B1,4.9,103,107.9
25/09/2018,991001001626543,Regulus,Male,Yearling,D,1,D1,5.7,113.5,119.2
25/09/2018,991001001626544,Sulafat,Male,Yearling,E,1,E1,5.5,59.5,65.0
15/06/2019,991001001626545,Diglom,Male,Yearling,D,1,D1,5.7,114.5,120.2
26/09/2018,991001001626548,Khambalia,Female,Yearling,A,1,A1,3.7,54,57.7
26/09/2018,991001001626550,Tarf,Male,Adult,D,1,D1,5.7,141,146.7
01/08/2018,991001001626591,Vindemiatrix,Female,Yearling,C,1,C1,5.4,122.5,127.9
22/09/2018,991001001626591,Vindemiatrix,Female,Yearling,D,1,D1,5.7,94,99.7
10/02/2019,991001001626591,Vindemiatrix,Female,Yearling,F,1,F1,5.5,62.5,68.0
10/08/2018,991001001626592,Fingal,Male,Yearling,C,1,C1,5.4,123,128.4
01/08/2018,991001001626593,Tarazet,Female,Yearling,B,1,B1,4.9,66.5,71.4
26/09/2018,991001001626593,Tarazet,Female,Yearling,C,1,C1,5.4,71.5,76.9
09/08/2018,991001001626594,Wanaka,Female,Yearling,B,1,B1,4.9,133.5,138.4
26/04/2019,991001001626594,Wanaka,Female,Adult,E,1,E1,5.5,129.5,135.0
10/08/2019,991001001626594,Wanaka,Female,Adult,C,1,C1,5.4,119,124.4
01/08/2018,991001001626595,Urna,Female,Yearling,C,1,C1,5.4,110.5,115.9
21/09/2018,991001001626595,Urna,Female,Yearling,E,1,E1,5.5,69,74.5
09/08/2018,991001001626596,Xavantes,Female,Yearling,C,1,C1,5.4,144.5,149.9
10/08/2018,991001001626598,Geeveston,Male,Yearling,C,1,C1,5.4,143.5,148.9
01/08/2018,991001001626599,Jacrum,Male,Adult,B,1,B1,4.9,85.5,90.4
28/06/2019,991001002699452,Aden,Male,Yearling,E,1,E1,5.5,131.5,137.0
28/06/2019,991001002699457,Quinte,Female,Adult,C,1,C1,5.4,140,145.4
14/08/2019,991001002699458,Tullah,Male,Yearling,C,1,C1,5.4,145,150.4
14/08/2019,991001002699460,Ulverstone,Male,Yearling,C,1,C1,5.4,112.5,117.9
10/08/2019,991001002699501,Emita,Female,Yearling,C,1,C1,5.4,45,50.4
12/08/2019,991001002699502,Strathgordon,Male,Yearling,C,1,C1,5.4,112,117.4
10/08/2019,991001002699503,Gretna,Female,Adult,D,1,D1,5.7,125.5,131.2
10/08/2019,991001002699504,Flowerdale,Female,Yearling,D,1,D1,5.7,133.5,139.2
11/08/2019,991001002699505,Railton,Male,Yearling,D,1,D1,5.7,135.5,141.2
09/08/2019,991001002699507,Cressy,Female,Yearling,D,1,D1,5.7,84,89.7
10/08/2019,991001002699508,Deloraine,Female,Yearling,E,1,E1,5.5,48,53.5
11/08/2019,991001002699510,Quoin,Male,Yearling,D,1,D1,5.7,99.5,105.2
